pc_time,t,xr,x,v,age,stop,dstop,amodel,abrk,btarget,tslew,venv,vref,ev,beam,fb,us,ua,acc,rate,u,bias,fps,st,ok,cnt,tgt,sat,brk,stuck,set,mv,vv,px,edge,deg,hold,q,guard,gap,inv,crc,drop
1785438405.308,20,113.7,122.76,162.0,56.0,0.0,0.0,0.0,0.0,0.0,0.0,0.0,0.0,0.0,0.909,0.0,0.0,0.0,0.0,36.0,0.0,0.0,0.0,0,1,211,210,0,0,0,0,1,1,1,1,0,0,1,1,0,0,0,0
1785438405.410,80,117.8,125.42,125.0,61.0,0.0,0.0,0.0,0.0,0.0,0.0,0.0,0.0,0.0,0.88,0.0,0.0,0.0,0.0,36.0,0.0,0.0,0.0,0,1,210,210,0,0,0,0,1,1,1,0,1,1,1,1,0,1,0,0
1785438405.410,140,110.2,110.2,5.0,40.0,0.0,0.0,0.0,0.0,0.0,0.0,0.0,0.0,0.0,0.88,0.0,0.0,0.0,0.0,36.0,0.0,0.0,0.0,1,1,210,210,0,0,0,0,0,1,0,0,0,0,2,1,0,2,0,0
1785438405.490,200,107.0,106.01,-22.0,45.0,103.04,-2.71,45.3,165.0,3.0,36.3,64.19,-64.19,42.19,0.823,-2.29,-2.29,0.0,-70.6,19.3,-0.278,0.0,0.0,1,1,208,171,0,0,0,0,1,1,1,0,0,0,2,1,0,2,0,0
1785438405.561,260,104.3,102.62,-35.0,48.0,96.19,-5.85,29.4,165.0,3.0,41.1,63.87,-63.87,28.87,0.535,-1.789,-1.789,0.0,-114.5,19.4,-1.441,0.0,0.0,1,1,198,134,0,0,0,0,1,1,1,0,0,0,1,1,0,2,0,0
1785438405.659,320,101.4,99.08,-43.0,54.0,89.75,-8.49,9.8,165.0,3.0,47.0,63.45,-63.45,20.45,0.178,-1.355,-1.355,0.0,-115.9,19.5,-1.355,0.0,0.0,1,1,186,137,0,0,0,0,1,1,1,0,0,0,2,1,0,2,0,0
1785438405.659,380,98.7,96.03,-46.0,58.0,85.32,-9.74,-5.1,165.0,3.0,51.5,63.08,-63.08,17.08,-0.092,-1.157,-1.157,0.0,-94.0,19.6,-1.157,0.0,0.0,1,1,177,143,0,0,0,0,1,1,1,0,0,0,3,1,0,2,0,0
1785438405.728,440,96.5,95.41,-32.0,34.0,89.19,-5.66,-20.3,165.0,3.0,56.1,63.41,-63.41,31.41,-0.369,-1.902,-1.902,0.0,4.4,19.6,-1.902,0.0,0.0,1,1,168,120,0,0,0,0,1,1,1,0,0,0,3,1,0,2,0,0
1785438405.801,500,94.2,92.68,-39.0,39.0,83.8,-8.08,-37.3,165.0,3.0,61.3,62.93,-62.93,23.93,-0.678,-1.546,-1.546,0.0,-36.7,19.7,-1.546,0.0,0.0,1,1,158,131,0,0,0,0,1,1,1,0,0,0,2,1,0,2,0,0
1785438405.904,560,91.2,89.22,-46.0,43.0,77.44,-10.71,-46.0,165.0,3.0,63.9,62.19,-62.19,16.19,-0.837,-1.102,-1.102,0.0,-57.3,19.8,-1.102,0.0,0.0,1,1,153,145,0,0,0,0,1,1,1,0,0,0,3,1,0,2,0,0
1785438405.904,620,87.9,85.21,-56.0,48.0,68.9,-14.83,-49.5,165.0,3.0,65.0,60.77,-60.77,4.77,-0.9,-0.339,-0.339,0.0,-94.3,20.0,-0.478,0.0,0.0,1,1,151,164,0,0,0,0,1,1,1,0,0,0,2,1,0,2,0,0
1785438405.977,680,83.5,79.98,-69.0,51.0,57.28,-20.64,-40.8,165.0,3.0,62.4,57.69,-57.69,-11.31,-0.742,0.789,0.789,0.0,-134.7,60.0,0.789,0.0,0.0,1,1,156,207,0,1,0,0,1,1,1,0,0,0,3,1,0,2,0,0
1785438406.071,740,79.0,75.13,-73.0,53.0,50.86,-22.07,-23.7,165.0,3.0,57.2,55.17,-55.17,-17.83,-0.43,1.202,1.202,0.0,-110.3,60.0,1.202,0.0,0.0,1,1,166,221,0,1,0,0,1,1,1,0,0,0,2,1,0,2,0,0
1785438406.071,800,74.3,69.99,-77.0,56.0,44.23,-23.42,-1.7,165.0,3.0,50.5,51.77,-51.77,-25.23,-0.031,1.613,1.613,0.0,-91.6,60.0,1.613,0.0,0.0,1,1,179,236,0,1,0,0,1,1,1,0,0,0,3,1,0,2,0,0
1785438406.145,860,66.2,63.29,-91.0,32.0,29.32,-30.88,21.2,165.0,3.0,43.6,40.17,-40.17,-50.83,0.386,2.51,2.51,0.0,-131.7,60.0,2.51,0.0,0.0,1,1,193,271,0,1,0,0,1,1,1,0,0,0,2,1,0,2,0,0
1785438406.214,920,60.7,57.28,-95.0,36.0,21.36,-32.66,46.8,165.0,3.0,35.8,31.34,-31.34,-63.66,0.852,2.724,2.724,0.0,-111.9,60.0,2.724,0.0,0.0,1,1,209,280,0,1,0,0,1,1,1,0,0,0,3,1,0,2,0,0
1785438406.313,980,55.9,52.39,-90.0,39.0,20.52,-28.98,68.7,165.0,3.0,29.2,30.3,-30.3,-59.7,1.248,2.67,2.67,0.0,-48.2,60.0,2.67,0.0,0.0,1,1,223,278,0,1,0,0,1,1,1,0,0,0,3,1,0,2,0,0
1785438406.313,1040,49.9,45.65,-99.0,43.0,8.21,-34.03,86.7,165.0,3.0,23.7,12.96,-12.96,-86.04,1.576,2.902,2.902,0.0,-78.2,60.0,2.902,0.0,36.0,1,1,235,288,0,1,0,0,1,1,1,0,0,0,2,1,0,2,0,0
1785438406.383,1100,44.8,40.29,-96.0,47.0,5.46,-31.66,102.8,165.0,3.0,18.8,8.69,-8.69,-87.31,1.869,2.908,2.908,0.0,-42.6,60.0,2.908,0.0,36.0,1,1,246,288,0,1,0,0,1,1,1,0,0,0,3,1,0,2,0,0
1785438406.492,1160,40.0,35.22,-92.0,52.0,3.47,-28.87,115.7,165.0,3.0,14.9,5.53,-5.53,-86.47,2.103,2.904,2.904,0.0,-16.2,60.0,2.904,0.0,36.0,1,1,255,288,0,1,0,0,1,1,1,0,0,0,3,1,0,2,0,0
1785438406.492,1220,35.7,31.33,-81.0,54.0,6.57,-22.51,124.2,165.0,3.0,12.4,10.42,-10.42,-70.58,2.258,2.799,2.799,0.0,46.6,60.0,2.799,0.0,36.0,1,1,261,283,0,1,0,0,1,1,1,0,0,0,3,1,0,2,0,0
1785438406.562,1280,32.6,28.83,-65.0,58.0,12.55,-14.8,129.6,165.0,3.0,10.7,19.46,-19.46,-45.54,2.356,2.384,2.384,0.0,110.8,60.0,2.384,0.0,36.0,1,1,265,266,0,1,0,0,1,1,1,0,0,0,3,1,0,2,0,0
1785438406.631,1340,29.0,27.47,-45.0,34.0,19.16,-7.56,126.9,165.0,3.0,11.5,28.57,-28.57,-16.43,2.307,1.117,1.117,0.0,185.7,60.0,1.117,0.0,36.0,1,1,263,218,0,1,0,0,1,1,1,0,0,0,3,1,0,2,0,0
1785438406.731,1400,28.4,27.51,-24.0,37.0,24.68,-2.57,117.1,165.0,3.0,14.5,35.26,-35.26,11.26,2.129,-0.785,-0.785,0.0,244.2,27.8,-0.309,0.0,36.0,1,1,256,170,0,0,0,0,1,1,1,0,0,0,3,1,0,2,0,0
1785438406.731,1460,28.5,27.67,-13.0,64.0,26.5,-1.06,91.2,165.0,3.0,22.4,37.26,-37.26,24.26,1.658,-1.563,-1.563,0.0,224.8,27.7,-1.563,0.0,36.0,1,1,238,130,0,0,0,0,1,1,1,0,1,0,3,1,0,2,0,0
1785438406.800,1520,29.7,29.7,9.0,48.0,31.05,1.23,54.7,165.0,-3.0,66.6,41.84,-41.84,50.84,0.994,-2.51,-2.51,0.0,268.2,60.0,-2.51,0.0,36.0,1,1,214,102,0,1,0,0,0,1,0,0,0,0,3,1,0,2,0,0
1785438406.909,1580,31.1,31.1,19.0,52.0,34.0,2.64,21.2,165.0,-3.0,56.4,44.47,-44.47,63.47,0.386,-2.721,-2.721,0.0,233.7,60.0,-2.721,0.0,36.0,1,1,193,95,0,1,0,0,0,1,0,0,0,0,3,1,0,2,0,0
1785438406.909,1640,33.4,35.31,33.0,58.0,41.37,5.51,-10.1,165.0,-3.0,46.9,50.0,-50.0,83.0,-0.184,-2.887,-2.887,0.0,227.7,60.0,-2.887,0.0,36.0,1,1,174,90,0,1,0,0,1,1,1,0,0,0,3,1,0,2,0,0
1785438406.978,1700,36.5,37.65,36.0,32.0,44.25,6.0,-40.8,165.0,-3.0,37.6,51.78,-51.78,87.78,-0.742,-2.91,-2.91,0.0,172.0,60.0,-2.91,0.0,36.0,1,1,156,90,0,1,0,0,1,1,1,0,0,0,3,1,0,2,0,0
1785438407.049,1760,37.5,38.49,26.0,38.0,42.19,3.37,-63.4,165.0,-3.0,30.8,50.53,-50.53,76.53,-1.153,-2.847,-2.847,0.0,63.5,60.0,-2.847,0.0,36.0,1,1,143,92,0,1,0,0,1,1,1,0,0,0,2,1,0,2,0,0
1785438407.146,1820,38.4,39.22,20.0,41.0,41.54,2.11,-83.0,165.0,-3.0,24.9,50.11,-50.11,70.11,-1.508,-2.794,-2.794,0.0,9.7,60.0,-2.794,0.0,36.0,1,1,132,93,0,1,0,0,1,1,1,0,0,0,3,1,0,2,0,0
1785438407.146,1880,38.7,39.18,11.0,44.0,40.08,0.81,-97.3,165.0,-3.0,20.5,49.13,-49.13,60.13,-1.769,-2.676,-2.676,0.0,-39.8,60.0,-2.676,0.0,36.0,1,1,124,97,0,1,0,0,1,1,1,0,0,0,2,1,0,2,0,0
1785438407.216,1940,38.4,38.4,3.0,50.0,38.55,0.14,-108.1,165.0,-3.0,17.2,48.06,-48.06,51.06,-1.965,-2.515,-2.515,0.0,-69.2,24.8,-2.515,0.0,36.0,1,1,118,101,0,0,0,0,0,1,0,0,0,0,2,1,0,2,0,0
1785438407.288,2000,37.8,37.8,-5.0,55.0,36.55,-1.14,-113.6,165.0,3.0,84.4,46.55,-46.55,41.55,-2.065,-2.271,-2.271,0.0,-86.6,25.0,-2.271,0.0,36.0,1,1,115,109,0,0,0,0,0,1,0,0,0,0,2,1,0,2,0,0
1785438407.395,2060,36.5,36.5,-14.0,33.0,33.36,-2.85,-115.4,165.0,3.0,85.0,43.92,-43.92,29.92,-2.098,-1.837,-1.837,0.0,-108.5,25.3,-1.837,0.0,34.6,1,1,114,122,0,0,0,0,0,1,0,0,0,0,2,1,0,2,0,0
1785438407.396,2120,34.3,33.24,-28.0,38.0,26.12,-6.47,-115.4,165.0,3.0,85.0,36.84,-36.84,8.84,-2.098,-0.623,-0.623,0.0,-150.7,26.1,-0.797,0.0,34.6,1,1,114,154,0,0,0,0,1,1,1,0,0,0,2,1,0,2,0,0
1785438407.466,2180,30.7,28.64,-49.0,42.0,13.83,-13.46,-97.3,165.0,3.0,79.5,21.32,-21.32,-27.68,-1.769,1.733,1.733,0.0,-219.4,60.0,1.733,0.0,34.6,1,1,124,241,0,1,0,0,1,1,1,0,0,0,3,1,0,2,0,0
1785438407.563,2240,28.7,24.56,-56.0,74.0,7.87,-15.17,-60.0,165.0,3.0,68.2,12.44,-12.44,-43.56,-1.09,2.33,2.33,0.0,-182.8,60.0,2.33,0.0,34.6,1,1,145,264,0,1,0,0,1,1,1,0,1,1,2,1,0,3,0,0
1785438407.563,2300,20.5,16.47,-84.0,48.0,-14.38,-28.05,-20.3,165.0,3.0,56.1,22.1,22.1,-106.1,-0.369,2.962,2.962,0.0,-260.3,60.0,2.962,0.0,34.6,1,1,168,290,0,1,0,0,1,1,1,0,0,0,2,1,0,3,0,0
1785438407.633,2360,20.5,11.43,-84.0,108.0,-18.06,-26.81,18.0,165.0,3.0,44.6,27.13,27.13,-111.13,0.327,2.97,2.97,0.0,-178.8,60.0,2.97,0.0,34.6,1,1,191,291,0,1,0,0,1,1,1,0,1,1,2,1,0,4,0,0
1785438407.703,2420,7.0,2.92,-102.0,40.0,-37.86,-37.08,51.6,165.0,3.0,34.4,47.55,47.55,-149.55,0.937,2.995,2.995,0.0,-220.4,60.0,2.995,0.0,34.6,1,1,212,292,0,1,0,0,1,1,1,0,0,0,2,1,0,4,0,0
1785438407.801,2480,0.2,-4.57,-111.0,43.0,-51.49,-42.65,73.2,165.0,3.0,27.8,55.45,55.45,-166.45,1.33,2.998,2.998,0.0,-193.9,60.0,2.998,0.0,34.6,1,1,226,292,0,1,0,0,1,1,1,0,0,0,3,1,0,4,0,0
1785438407.802,2540,-5.7,-10.88,-108.0,48.0,-54.74,-39.88,92.7,165.0,3.0,21.9,56.78,56.78,-164.78,1.686,2.998,2.998,0.0,-113.0,60.0,2.998,0.0,34.6,1,1,239,292,0,1,0,0,1,1,1,0,0,0,2,1,0,4,0,0
1785438407.882,2600,-10.7,-15.89,-98.0,53.0,-51.86,-32.7,110.0,165.0,3.0,16.7,55.61,55.61,-153.61,1.999,2.996,2.996,0.0,-27.5,60.0,2.996,0.0,34.6,1,1,251,292,0,1,0,0,1,1,1,0,0,0,3,1,0,4,0,0
1785438407.980,2660,-16.1,-21.47,-96.0,56.0,-55.66,-31.08,122.8,165.0,3.0,12.8,57.12,57.12,-153.12,2.234,2.996,2.996,0.0,-7.3,60.0,2.996,0.0,34.6,1,1,260,292,0,1,0,0,1,1,1,0,0,0,3,1,0,4,0,0
1785438407.980,2720,-20.0,-25.0,-82.0,61.0,-50.08,-22.8,133.7,165.0,3.0,9.5,54.82,54.82,-136.82,2.43,2.991,2.991,0.0,62.1,60.0,2.991,0.0,34.6,1,1,268,292,0,1,0,0,1,1,1,0,1,0,3,1,0,4,0,0
1785438408.050,2780,-23.7,-25.28,-48.0,33.0,-34.41,-8.3,140.4,165.0,3.0,7.4,44.82,44.82,-92.82,2.553,2.929,2.929,0.0,220.7,60.0,2.929,0.0,34.6,1,1,273,289,0,1,0,0,1,1,1,0,0,0,3,1,0,4,0,0
1785438408.119,2840,-25.0,-26.15,-32.0,36.0,-30.46,-3.92,147.2,165.0,3.0,5.4,41.28,41.28,-73.28,2.676,2.822,2.822,0.0,240.9,60.0,2.822,0.0,34.6,1,1,278,284,0,1,0,0,1,1,1,0,0,0,3,1,0,4,0,0
1785438408.219,2900,-24.9,-25.33,-11.0,39.0,-26.03,-0.64,148.5,165.0,3.0,5.0,36.76,36.76,-47.76,2.701,2.44,2.44,0.0,282.1,60.0,2.44,0.0,34.6,1,1,279,268,0,1,0,0,1,1,1,0,0,0,3,1,0,4,0,0
1785438408.219,2960,-23.4,-23.4,12.0,42.0,-20.18,2.93,145.8,165.0,-3.0,94.2,29.87,29.87,-17.87,2.651,1.205,1.205,0.0,320.1,29.2,1.318,0.0,34.6,1,1,277,226,0,0,0,0,0,1,0,0,0,0,3,1,0,4,0,0
1785438408.300,3020,-20.7,-19.17,34.0,45.0,-9.53,8.77,128.3,165.0,-3.0,88.9,14.97,14.97,19.03,2.332,-1.273,-1.273,0.0,335.0,60.0,-1.217,0.0,34.0,1,1,264,141,0,1,0,0,1,1,1,0,0,0,3,1,0,4,0,0
1785438408.399,3080,-16.5,-13.55,59.0,50.0,6.23,17.99,98.5,165.0,-3.0,79.9,9.9,-9.9,68.9,1.791,-2.783,-2.783,0.0,355.0,60.0,-2.783,0.0,34.0,1,1,243,94,0,1,0,0,1,1,1,0,0,0,3,1,0,4,0,0
1785438408.399,3140,-12.4,-8.55,70.0,55.0,15.65,22.01,62.6,165.0,-3.0,69.0,23.88,-23.88,93.88,1.137,-2.932,-2.932,0.0,299.7,60.0,-2.932,0.0,34.0,1,1,219,89,0,1,0,0,1,1,1,0,0,0,3,1,0,4,0,0
1785438408.466,3200,-3.6,-0.6,97.0,31.0,39.54,36.49,26.2,165.0,-3.0,57.9,48.76,-48.76,145.76,0.475,-2.994,-2.994,0.0,343.8,60.0,-2.994,0.0,34.0,1,1,196,87,0,1,0,0,1,1,1,0,0,0,2,1,0,4,0,0
1785438408.537,3260,2.2,5.83,101.0,36.0,47.33,37.73,-8.5,165.0,-3.0,47.4,53.48,-53.48,154.48,-0.154,-2.996,-2.996,0.0,257.6,60.0,-2.996,0.0,34.0,1,1,175,87,0,1,0,0,1,1,1,0,0,0,2,1,0,4,0,0
1785438408.635,3320,7.7,11.74,101.0,40.0,52.15,36.74,-40.8,165.0,-3.0,37.6,55.73,-55.73,156.73,-0.742,-2.997,-2.997,0.0,178.4,60.0,-2.997,0.0,34.0,1,1,156,87,0,1,0,0,1,1,1,0,0,0,2,1,0,4,0,0
1785438408.635,3380,13.3,18.03,103.0,46.0,59.16,37.38,-63.4,165.0,-3.0,30.8,58.3,-58.3,161.3,-1.153,-2.997,-2.997,0.0,130.4,60.0,-2.997,0.0,34.0,1,1,143,87,0,1,0,0,1,1,1,0,0,0,2,1,0,4,0,0
1785438408.704,3440,17.4,22.13,91.0,52.0,54.23,29.18,-83.0,165.0,-3.0,24.9,56.58,-56.58,147.58,-1.508,-2.995,-2.995,0.0,34.6,60.0,-2.995,0.0,34.0,1,1,132,87,0,1,0,0,1,1,1,0,0,0,1,1,0,4,0,0
1785438408.808,3500,22.1,27.14,87.0,58.0,56.2,26.42,-99.1,165.0,-3.0,20.0,57.31,-57.31,144.31,-1.801,-2.994,-2.994,0.0,1.2,60.0,-2.994,0.0,34.0,1,1,123,87,0,1,0,0,1,1,1,0,0,0,2,1,0,4,0,0
1785438408.808,3560,27.8,30.35,75.0,34.0,52.04,19.72,-113.6,165.0,-3.0,15.6,55.69,-55.69,130.69,-2.065,-2.988,-2.988,0.0,-58.7,60.0,-2.988,0.0,34.0,1,1,115,88,0,1,0,0,1,1,1,0,0,0,1,1,0,4,0,0
1785438408.883,3620,29.5,31.74,56.0,40.0,44.18,11.31,-124.6,165.0,-3.0,12.3,51.74,-51.74,107.74,-2.265,-2.965,-2.965,0.0,-146.5,60.0,-2.965,0.0,34.0,1,1,109,88,0,1,0,0,1,1,1,0,0,0,2,1,0,4,0,0
1785438408.952,3680,30.5,32.16,37.0,45.0,37.95,5.26,-131.9,165.0,-3.0,10.0,47.61,-47.61,84.61,-2.398,-2.895,-2.895,0.0,-200.7,60.0,-2.895,0.0,34.0,1,1,105,90,0,1,0,0,1,1,1,0,0,0,3,1,0,4,0,0
1785438409.052,3740,30.7,31.56,18.0,48.0,33.21,1.49,-137.4,165.0,-3.0,8.4,43.79,-43.79,61.79,-2.498,-2.699,-2.699,0.0,-236.6,60.0,-2.699,0.0,34.0,1,1,102,96,0,1,0,0,1,1,1,0,0,0,3,1,0,4,0,0
1785438409.052,3800,30.1,30.1,0.0,52.0,30.1,0.0,-139.2,165.0,3.0,0.0,40.93,-40.93,40.93,-2.531,-2.252,-2.252,0.0,-250.5,27.0,-2.252,0.0,34.0,1,1,101,109,0,0,0,0,0,1,0,0,0,0,2,1,0,4,0,0
1785438409.122,3860,29.1,29.1,-10.0,55.0,26.57,-2.3,-133.7,165.0,3.0,90.5,37.33,-37.33,27.33,-2.431,-1.717,-1.717,0.0,-221.5,27.3,-1.717,0.0,34.0,1,1,104,126,0,0,0,0,0,1,0,0,0,0,2,1,0,4,0,0
1785438409.191,3920,24.2,22.79,-47.0,30.0,8.03,-13.42,-119.1,165.0,3.0,86.1,12.68,-12.68,-34.32,-2.165,2.021,2.021,0.0,-358.6,60.0,0.371,0.0,34.0,1,1,112,192,0,1,0,0,1,1,1,0,0,0,2,1,0,4,0,0
1785438409.297,3980,20.9,19.01,-54.0,35.0,2.19,-15.29,-88.3,165.0,3.0,76.8,3.51,-3.51,-50.49,-1.606,2.503,2.503,0.0,-284.8,60.0,2.503,0.0,34.0,1,1,129,271,0,1,0,0,1,1,1,0,0,0,2,1,0,4,0,0
1785438409.298,4040,17.0,14.38,-64.0,41.0,-5.89,-18.42,-47.8,165.0,3.0,64.5,9.35,9.35,-73.35,-0.868,2.823,2.823,0.0,-253.8,60.0,2.823,0.0,36.0,1,1,152,284,0,1,0,0,1,1,1,0,0,0,2,1,0,4,0,0
1785438409.370,4100,11.9,8.39,-78.0,45.0,-18.22,-24.2,-8.5,165.0,3.0,52.6,27.35,27.35,-105.35,-0.154,2.96,2.96,0.0,-241.0,60.0,2.96,0.0,36.0,1,1,175,290,0,1,0,0,1,1,1,0,0,0,1,1,0,4,0,0
1785438409.469,4160,6.5,2.1,-88.0,50.0,-29.68,-28.89,27.8,165.0,3.0,41.6,40.52,40.52,-128.52,0.505,2.987,2.987,0.0,-216.6,60.0,2.987,0.0,36.0,1,1,197,291,0,1,0,0,1,1,1,0,0,0,2,1,0,4,0,0
1785438409.469,4220,0.0,-5.61,-102.0,55.0,-46.13,-36.84,59.4,165.0,3.0,32.0,52.84,52.84,-154.84,1.08,2.996,2.996,0.0,-215.3,60.0,2.996,0.0,36.0,1,1,217,292,0,1,0,0,1,1,1,0,0,0,2,1,0,4,0,0
1785438409.538,4280,-5.7,-11.71,-102.0,59.0,-51.51,-36.18,80.7,165.0,3.0,25.6,55.46,55.46,-157.46,1.467,2.997,2.997,0.0,-147.3,60.0,2.997,0.0,36.0,1,1,231,292,0,1,0,0,1,1,1,0,0,0,2,1,0,4,0,0
1785438409.608,4340,-14.5,-18.14,-104.0,35.0,-58.74,-36.91,100.0,165.0,3.0,19.7,58.17,58.17,-162.17,1.817,2.997,2.997,0.0,-109.8,60.0,2.997,0.0,36.0,1,1,244,292,0,1,0,0,1,1,1,0,0,0,3,1,0,4,0,0
1785438409.708,4400,-19.8,-23.72,-98.0,40.0,-59.55,-32.58,114.3,165.0,3.0,15.4,58.42,58.42,-156.42,2.077,2.997,2.997,0.0,-39.5,60.0,2.997,0.0,36.0,1,1,254,292,0,1,0,0,1,1,1,0,0,0,3,1,0,4,0,0
1785438409.708,4460,-23.5,-26.93,-78.0,44.0,-49.95,-20.93,125.6,165.0,3.0,12.0,54.76,54.76,-132.76,2.283,2.989,2.989,0.0,81.4,60.0,2.989,0.0,36.0,1,1,262,291,0,1,0,0,1,1,1,0,0,0,3,1,0,4,0,0
1785438409.786,4520,-26.7,-30.05,-67.0,50.0,-47.16,-15.55,135.0,165.0,3.0,9.1,53.38,53.38,-120.38,2.455,2.981,2.981,0.0,115.4,60.0,2.981,0.0,36.0,1,1,269,291,0,1,0,0,1,1,1,0,0,0,3,1,0,4,0,0
1785438409.884,4580,-29.3,-32.21,-54.0,54.0,-43.54,-10.3,141.8,165.0,3.0,7.0,51.36,51.36,-105.36,2.578,2.961,2.961,0.0,143.1,60.0,2.961,0.0,36.0,1,1,274,290,0,1,0,0,1,1,1,0,0,0,3,1,0,4,0,0
1785438409.885,4640,-29.9,-31.55,-28.0,59.0,-34.95,-3.09,147.2,165.0,3.0,5.4,45.26,45.26,-73.26,2.676,2.822,2.822,0.0,225.3,60.0,2.822,0.0,36.0,1,1,278,284,0,1,0,0,1,1,1,0,0,0,3,1,0,4,0,0
1785438409.955,4700,-27.1,-26.3,23.0,35.0,-19.92,5.79,147.2,165.0,-3.0,94.6,29.54,29.54,-6.54,2.676,0.464,0.464,0.0,424.9,28.2,1.535,0.0,36.0,1,1,278,234,0,0,0,0,1,1,1,0,0,0,3,1,0,4,0,0
1785438410.025,4760,-23.1,-21.04,53.0,39.0,-2.84,16.55,131.0,165.0,-3.0,89.7,4.53,4.53,48.47,2.381,-2.457,-2.457,0.0,459.3,60.0,-1.431,0.0,36.0,1,1,266,134,0,1,0,0,1,1,1,0,0,0,3,1,0,4,0,0
1785438410.122,4820,-18.7,-15.54,72.0,44.0,11.66,24.72,98.5,165.0,-3.0,79.9,18.15,-18.15,90.15,1.791,-2.919,-2.919,0.0,422.1,60.0,-2.919,0.0,36.0,1,1,243,90,0,1,0,0,1,1,1,0,0,0,3,1,0,4,0,0
1785438410.123,4880,-13.8,-9.92,81.0,48.0,21.12,28.22,64.1,165.0,-3.0,69.4,31.05,-31.05,112.05,1.166,-2.971,-2.971,0.0,336.4,60.0,-2.971,0.0,36.0,1,1,220,88,0,1,0,0,1,1,1,0,0,0,3,1,0,4,0,0
1785438410.202,4940,-7.2,-1.85,101.0,53.0,41.37,39.3,27.8,165.0,-3.0,58.4,50.0,-50.0,151.0,0.505,-2.995,-2.995,0.0,322.7,60.0,-2.995,0.0,36.0,1,1,197,87,0,1,0,0,1,1,1,0,0,0,3,1,0,4,0,0
1785438410.303,5000,-0.1,6.56,117.0,57.0,60.88,49.38,-8.5,165.0,-3.0,47.4,58.82,-58.82,175.82,-0.154,-2.999,-2.999,0.0,298.0,60.0,-2.999,0.0,36.0,1,1,175,87,0,1,0,0,1,1,1,0,0,0,2,1,0,4,0,0
1785438410.303,5060,8.9,12.7,112.0,34.0,61.76,44.59,-37.3,165.0,-3.0,38.7,59.07,-59.07,171.07,-0.678,-2.998,-2.998,0.0,176.8,60.0,-2.998,0.0,36.0,1,1,158,87,0,1,0,0,1,1,1,0,0,0,2,1,0,4,0,0
1785438410.371,5120,14.7,19.02,108.0,40.0,63.93,40.84,-63.4,165.0,-3.0,30.8,59.65,-59.65,167.65,-1.153,-2.998,-2.998,0.0,95.8,60.0,-2.998,0.0,36.0,1,1,143,87,0,1,0,0,1,1,1,0,0,0,2,1,0,4,0,0
1785438410.440,5180,19.9,24.49,102.0,45.0,64.27,36.16,-81.2,165.0,-3.0,25.4,59.73,-59.73,161.73,-1.476,-2.997,-2.997,0.0,30.5,60.0,-2.997,0.0,36.0,1,1,133,87,0,1,0,0,1,1,1,0,0,0,2,1,0,4,0,0
1785438410.539,5240,24.0,28.25,85.0,50.0,56.12,25.34,-97.3,165.0,-3.0,20.5,57.28,-57.28,142.28,-1.769,-2.993,-2.993,0.0,-72.5,60.0,-2.993,0.0,36.0,1,1,124,87,0,1,0,0,1,1,1,0,0,0,2,1,0,4,0,0
1785438410.540,5300,28.7,33.2,85.0,53.0,60.67,24.97,-111.8,165.0,-3.0,16.1,58.76,-58.76,143.76,-2.032,-2.994,-2.994,0.0,-49.8,60.0,-2.994,0.0,36.0,1,1,116,87,0,1,0,0,1,1,1,0,0,0,2,1,0,4,0,0
1785438410.608,5360,32.0,33.67,54.0,31.0,45.34,10.61,-122.7,165.0,-3.0,12.8,52.4,-52.4,106.4,-2.231,-2.962,-2.962,0.0,-197.3,60.0,-2.962,0.0,36.0,1,1,110,88,0,1,0,0,1,1,1,0,0,0,3,1,0,4,0,0
1785438410.718,5420,34.3,35.91,46.0,35.0,44.51,7.82,-130.0,165.0,-3.0,10.6,51.93,-51.93,97.93,-2.365,-2.944,-2.944,0.0,-181.2,60.0,-2.944,0.0,36.0,1,1,106,89,0,1,0,0,1,1,1,0,0,0,2,1,0,4,0,0
1785438410.718,5480,35.0,36.12,28.0,40.0,39.61,3.17,-137.4,165.0,-3.0,8.4,48.81,-48.81,76.81,-2.498,-2.849,-2.849,0.0,-223.5,60.0,-2.849,0.0,36.0,1,1,102,92,0,1,0,0,1,1,1,0,0,0,2,1,0,4,0,0
1785438410.789,5540,34.9,35.46,13.0,43.0,36.4,0.86,-142.9,165.0,-3.0,6.7,46.44,-46.44,59.44,-2.598,-2.666,-2.666,0.0,-227.4,60.0,-2.666,0.0,36.0,1,1,99,97,0,1,0,0,1,1,1,0,0,0,2,1,0,4,0,0
1785438410.858,5600,33.2,33.2,-13.0,47.0,29.79,-3.1,-142.9,165.0,3.0,93.3,40.63,-40.63,27.63,-2.598,-1.731,-1.731,0.0,-298.7,26.1,-1.974,0.0,36.0,1,1,99,118,0,0,0,0,0,1,0,0,0,0,2,1,0,4,0,0
1785438410.958,5660,30.6,29.1,-30.0,50.0,20.76,-7.59,-133.7,165.0,3.0,90.5,30.59,-30.59,0.59,-2.431,-0.042,-0.042,0.0,-292.2,27.3,-0.358,0.0,36.0,1,1,104,168,0,0,0,0,1,1,1,0,0,0,3,1,0,4,0,0
1785438410.958,5720,27.9,25.59,-42.0,55.0,13.58,-10.92,-104.4,165.0,3.0,81.6,20.95,-20.95,-21.05,-1.899,1.389,1.389,0.0,-260.0,60.0,1.389,0.0,36.0,1,1,120,228,0,1,0,0,1,1,1,0,0,0,2,1,0,4,0,0
1785438411.025,5780,21.3,19.13,-68.0,32.0,-4.14,-21.15,-66.9,165.0,3.0,70.3,6.59,6.59,-74.59,-1.217,2.833,2.833,0.0,-314.6,60.0,2.833,0.0,36.0,1,1,141,285,0,1,0,0,1,1,1,0,0,0,2,1,0,4,0,0
1785438411.098,5840,15.6,12.13,-89.0,39.0,-22.37,-31.36,-27.1,165.0,3.0,58.2,32.56,32.56,-121.56,-0.492,2.982,2.982,0.0,-339.7,60.0,2.982,0.0,36.0,1,1,164,291,0,1,0,0,1,1,1,0,0,0,3,1,0,5,0,0
1785438411.202,5900,10.5,6.32,-93.0,45.0,-29.27,-32.36,13.1,165.0,3.0,46.0,40.12,40.12,-133.12,0.238,2.989,2.989,0.0,-259.5,60.0,2.989,0.0,36.0,1,1,188,291,0,1,0,0,1,1,1,0,0,0,1,1,0,5,0,0
1785438411.202,5960,4.0,-1.09,-104.0,49.0,-43.54,-38.59,46.8,165.0,3.0,35.8,51.36,51.36,-155.36,0.852,2.996,2.996,0.0,-229.9,60.0,2.996,0.0,36.0,1,1,209,292,0,1,0,0,1,1,1,0,0,0,1,1,0,5,0,0
1785438411.275,6020,-2.8,-8.52,-110.0,52.0,-54.64,-41.93,73.2,165.0,3.0,27.8,56.74,56.74,-166.74,1.33,2.998,2.998,0.0,-183.0,60.0,2.998,0.0,36.0,1,1,226,292,0,1,0,0,1,1,1,0,0,0,2,1,0,5,0,0
1785438411.373,6080,-8.9,-14.94,-108.0,56.0,-58.86,-39.93,91.2,165.0,3.0,22.4,58.21,58.21,-166.21,1.658,2.998,2.998,0.0,-111.0,60.0,2.998,0.0,36.0,1,1,238,292,0,1,0,0,1,1,1,0,0,0,3,1,0,5,0,0
1785438411.373,6140,-17.9,-21.36,-105.0,33.0,-62.4,-37.31,108.5,165.0,3.0,17.1,59.24,59.24,-164.24,1.973,2.998,2.998,0.0,-51.4,60.0,2.998,0.0,36.0,1,1,250,292,0,1,0,0,1,1,1,0,0,0,3,1,0,5,0,0
1785438411.443,6200,-22.6,-25.68,-88.0,35.0,-54.71,-26.39,121.4,165.0,3.0,13.2,56.76,56.76,-144.76,2.208,2.994,2.994,0.0,64.0,60.0,2.994,0.0,36.0,1,1,259,292,0,1,0,0,1,1,1,0,0,0,3,1,0,5,0,0
1785438411.513,6260,-26.9,-30.18,-82.0,40.0,-55.37,-22.9,129.6,165.0,3.0,10.7,57.01,57.01,-139.01,2.356,2.992,2.992,0.0,75.8,60.0,2.992,0.0,36.0,1,1,265,292,0,1,0,0,1,1,1,0,0,0,3,1,0,5,0,0
1785438411.611,6320,-29.5,-32.29,-62.0,45.0,-47.0,-13.38,139.1,165.0,3.0,7.9,53.3,53.3,-115.3,2.528,2.975,2.975,0.0,159.3,60.0,2.975,0.0,36.0,1,1,272,291,0,1,0,0,1,1,1,0,0,0,3,1,0,5,0,0
1785438411.611,6380,-30.5,-32.3,-36.0,50.0,-37.66,-4.87,144.5,165.0,3.0,6.2,47.4,47.4,-83.4,2.627,2.889,2.889,0.0,242.8,60.0,2.889,0.0,36.0,1,1,276,287,0,1,0,0,1,1,1,0,0,0,3,1,0,5,0,0
1785438411.691,6440,-30.6,-31.37,-14.0,55.0,-32.41,-0.95,147.2,165.0,3.0,5.4,43.09,43.09,-57.09,2.676,2.629,2.629,0.0,274.3,60.0,2.629,0.0,36.0,1,1,278,276,0,1,0,0,1,1,1,0,0,0,3,1,0,5,0,0
1785438411.789,6500,-28.4,-28.4,17.0,31.0,-23.93,4.07,143.1,165.0,-3.0,93.4,34.39,34.39,-17.39,2.602,1.176,1.176,0.0,347.0,27.5,1.282,0.0,36.0,1,1,275,224,0,0,0,0,0,1,0,0,0,0,3,1,0,5,0,0
1785438411.789,6560,-25.2,-23.77,41.0,35.0,-11.25,11.38,129.6,165.0,-3.0,89.3,17.55,17.55,23.45,2.356,-1.52,-1.52,0.0,369.2,60.0,-1.22,0.0,36.0,1,1,265,141,0,1,0,0,1,1,1,0,0,0,3,1,0,5,0,0
1785438411.859,6620,-21.5,-19.17,57.0,41.0,-0.48,16.99,97.1,165.0,-3.0,79.4,0.77,0.77,56.23,1.765,-2.614,-2.614,0.0,342.2,60.0,-2.614,0.0,36.0,1,1,242,99,0,1,0,0,1,1,1,0,0,0,3,1,0,5,0,0
1785438411.929,6680,-16.2,-12.27,82.0,48.0,19.43,28.81,64.1,165.0,-3.0,69.4,28.91,-28.91,110.91,1.166,-2.97,-2.97,0.0,360.0,60.0,-2.97,0.0,36.0,1,1,220,88,0,1,0,0,1,1,1,0,0,0,3,1,0,5,0,0
1785438412.027,6740,-10.7,-5.68,93.0,54.0,31.56,33.86,26.2,165.0,-3.0,57.9,42.31,-42.31,135.31,0.475,-2.99,-2.99,0.0,299.5,60.0,-2.99,0.0,36.0,1,1,196,87,0,1,0,0,1,1,1,0,0,0,3,1,0,5,0,0
1785438412.027,6800,-5.0,0.62,97.0,58.0,39.19,35.06,-8.5,165.0,-3.0,47.4,48.51,-48.51,145.51,-0.154,-2.994,-2.994,0.0,222.2,60.0,-2.994,0.0,36.0,1,1,175,87,0,1,0,0,1,1,1,0,0,0,2,1,0,5,0,0
1785438412.108,6860,4.1,7.7,106.0,34.0,51.94,40.22,-39.1,165.0,-3.0,38.2,55.65,-55.65,161.65,-0.71,-2.997,-2.997,0.0,198.0,60.0,-2.997,0.0,36.0,1,1,157,87,0,1,0,0,1,1,1,0,0,0,2,1,0,5,0,0
1785438412.202,6920,9.5,13.62,103.0,40.0,54.74,37.38,-63.4,165.0,-3.0,30.8,56.77,-56.77,159.77,-1.153,-2.997,-2.997,0.0,120.5,60.0,-2.997,0.0,36.0,1,1,143,87,0,1,0,0,1,1,1,0,0,0,1,1,0,5,0,0
1785438412.202,6980,14.7,18.82,96.0,43.0,54.34,32.29,-81.2,165.0,-3.0,25.4,56.62,-56.62,152.62,-1.476,-2.996,-2.996,0.0,36.4,60.0,-2.996,0.0,36.0,1,1,133,87,0,1,0,0,1,1,1,0,0,0,3,1,0,5,0,0
1785438412.276,7040,19.4,23.76,91.0,48.0,55.37,28.74,-99.1,165.0,-3.0,20.0,57.01,-57.01,148.01,-1.801,-2.995,-2.995,0.0,0.8,60.0,-2.995,0.0,36.0,1,1,123,87,0,1,0,0,1,1,1,0,0,0,1,1,0,5,0,0
1785438412.348,7100,22.7,26.3,72.0,50.0,46.44,18.31,-111.8,165.0,-3.0,16.1,53.01,-53.01,125.01,-2.032,-2.984,-2.984,0.0,-103.4,60.0,-2.984,0.0,36.0,1,1,116,88,0,1,0,0,1,1,1,0,0,0,2,1,0,5,0,0
1785438412.444,7160,25.2,28.39,58.0,55.0,41.7,12.1,-122.7,165.0,-3.0,12.8,50.21,-50.21,108.21,-2.231,-2.966,-2.966,0.0,-138.2,60.0,-2.966,0.0,36.0,1,1,110,88,0,1,0,0,1,1,1,0,0,0,1,1,0,5,0,0
1785438412.444,7220,27.9,29.21,41.0,32.0,36.14,6.3,-133.7,165.0,-3.0,9.5,46.23,-46.23,87.23,-2.431,-2.907,-2.907,0.0,-190.2,60.0,-2.907,0.0,36.0,1,1,104,90,0,1,0,0,1,1,1,0,0,0,2,1,0,5,0,0
1785438412.513,7280,28.3,29.14,24.0,35.0,31.79,2.41,-139.2,165.0,-3.0,7.8,42.52,-42.52,66.52,-2.531,-2.758,-2.758,0.0,-225.1,60.0,-2.758,0.0,36.0,1,1,101,94,0,1,0,0,1,1,1,0,0,0,2,1,0,5,0,0
1785438412.583,7340,28.1,28.1,8.0,40.0,28.55,0.41,-142.9,165.0,-3.0,6.7,39.4,-39.4,47.4,-2.598,-2.431,-2.431,0.0,-243.9,60.0,-2.431,0.0,36.0,1,1,99,104,0,1,0,0,0,1,0,0,0,0,2,1,0,5,0,0
1785438412.692,7400,26.9,26.9,-7.0,45.0,24.88,-1.84,-142.9,165.0,3.0,93.3,35.47,-35.47,28.47,-2.598,-1.771,-1.771,0.0,-250.6,28.0,-1.771,0.0,36.0,1,1,99,124,0,0,0,0,0,1,0,0,0,0,1,1,0,5,0,0
1785438412.692,7460,23.0,21.29,-35.0,49.0,11.13,-9.23,-131.9,165.0,3.0,90.0,17.38,-17.38,-17.62,-2.398,1.19,1.19,0.0,-314.7,60.0,0.593,0.0,36.0,1,1,105,200,0,1,0,0,1,1,1,0,0,0,2,1,0,5,0,0
1785438412.762,7520,19.9,17.56,-45.0,52.0,4.53,-11.84,-97.3,165.0,3.0,79.5,7.22,-7.22,-37.78,-1.769,2.148,2.148,0.0,-264.4,60.0,2.148,0.0,36.0,1,1,124,257,0,1,0,0,1,1,1,0,0,0,2,1,0,5,0,0
1785438412.860,7580,14.5,10.47,-72.0,56.0,-14.7,-22.88,-58.2,165.0,3.0,67.6,22.55,22.55,-94.55,-1.058,2.934,2.934,0.0,-310.8,60.0,2.934,0.0,36.0,1,1,146,289,0,1,0,0,1,1,1,0,0,0,2,1,0,5,0,0
1785438412.860,7640,8.6,3.24,-91.0,59.0,-32.23,-32.24,-18.6,165.0,3.0,55.6,42.92,42.92,-133.92,-0.338,2.99,2.99,0.0,-324.0,60.0,2.99,0.0,36.0,1,1,169,292,0,1,0,0,1,1,1,0,0,0,2,1,0,5,0,0
1785438412.931,7700,0.4,-4.22,-105.0,44.0,-48.37,-40.14,19.6,165.0,3.0,44.1,54.0,54.0,-159.0,0.357,2.997,2.997,0.0,-302.3,60.0,2.997,0.0,36.0,1,1,192,292,0,1,0,0,1,1,1,0,0,0,3,1,0,5,0,0
1785438413.001,7760,-7.1,-11.97,-116.0,42.0,-63.77,-47.09,51.6,165.0,3.0,34.4,59.6,59.6,-175.6,0.937,2.999,2.999,0.0,-271.7,60.0,2.999,0.0,36.0,1,1,212,292,0,1,0,0,1,1,1,0,0,0,2,1,0,5,0,0
1785438413.099,7820,-12.6,-17.83,-109.0,48.0,-63.01,-41.07,77.7,165.0,3.0,26.5,59.41,59.41,-168.41,1.412,2.998,2.998,0.0,-149.4,60.0,2.998,0.0,36.0,1,1,229,292,0,1,0,0,1,1,1,0,0,0,2,1,0,5,0,0
1785438413.099,7880,-19.5,-25.73,-120.0,52.0,-79.16,-48.57,95.7,165.0,3.0,21.0,62.41,62.41,-182.41,1.739,2.999,2.999,0.0,-158.5,60.0,2.999,0.0,36.0,1,1,241,292,0,1,0,0,1,1,1,0,0,0,3,1,0,5,0,0
1785438413.179,7940,-25.1,-31.2,-109.0,56.0,-75.1,-39.91,112.8,165.0,3.0,15.8,61.86,61.86,-170.86,2.051,2.998,2.998,0.0,-57.3,60.0,2.998,0.0,36.0,1,1,253,292,0,1,0,0,1,1,1,0,0,0,3,1,0,5,0,0
1785438413.278,8000,-30.6,-36.6,-100.0,60.0,-73.54,-33.59,122.8,165.0,3.0,12.8,61.61,61.61,-161.61,2.234,2.997,2.997,0.0,10.4,60.0,2.997,0.0,36.0,1,1,260,292,0,1,0,0,1,1,1,0,0,0,3,1,0,5,0,0
1785438413.278,8060,-36.4,-39.06,-74.0,36.0,-59.72,-18.78,133.7,165.0,3.0,9.5,58.47,58.47,-132.47,2.43,2.989,2.989,0.0,146.7,60.0,2.989,0.0,35.0,1,1,268,291,0,1,0,0,1,1,1,0,0,0,3,1,0,5,0,0
1785438413.348,8120,-38.3,-40.39,-51.0,41.0,-50.6,-9.28,140.4,165.0,3.0,7.4,55.06,55.06,-106.06,2.553,2.962,2.962,0.0,227.7,60.0,2.962,0.0,35.0,1,1,273,290,0,1,0,0,1,1,1,0,0,0,3,1,0,5,0,0
1785438413.417,8180,-39.6,-41.12,-33.0,46.0,-45.68,-4.15,145.8,165.0,3.0,5.8,52.59,52.59,-85.59,2.651,2.9,2.9,0.0,253.2,60.0,2.9,0.0,35.0,1,1,277,288,0,1,0,0,1,1,1,0,0,0,3,1,0,5,0,0
1785438413.510,8240,-39.8,-40.56,-15.0,51.0,-41.72,-1.05,149.9,165.0,3.0,4.6,50.22,50.22,-65.22,2.725,2.743,2.743,0.0,262.5,60.0,2.743,0.0,35.0,1,1,280,281,0,1,0,0,1,1,1,0,0,0,3,1,0,5,0,0
1785438413.510,8300,-38.6,-38.6,7.0,56.0,-36.46,1.94,149.9,165.0,-3.0,95.4,46.48,46.48,-39.48,2.725,2.206,2.206,0.0,287.2,24.8,2.206,0.0,35.0,1,1,280,259,0,0,0,0,0,1,0,0,0,0,3,1,0,5,0,0
1785438413.585,8360,-35.1,-33.95,34.0,34.0,-23.93,9.11,139.1,165.0,-3.0,92.1,34.4,34.4,-0.4,2.528,0.028,0.028,0.0,335.0,25.9,0.672,0.0,35.0,1,1,272,203,0,0,0,0,1,1,1,0,0,0,3,1,0,5,0,0
1785438413.655,8420,-30.5,-28.11,63.0,38.0,-5.23,20.8,117.1,165.0,-3.0,85.5,8.32,8.32,54.68,2.129,-2.587,-2.587,0.0,388.3,60.0,-2.412,0.0,35.0,1,1,256,105,0,1,0,0,1,1,1,0,0,0,3,1,0,5,0,0
1785438413.751,8480,-24.2,-19.94,97.0,44.0,23.64,39.61,83.7,165.0,-3.0,75.4,34.06,-34.06,131.06,1.522,-2.988,-2.988,0.0,452.4,60.0,-2.988,0.0,35.0,1,1,233,88,0,1,0,0,1,1,1,0,0,0,3,1,0,5,0,0
1785438413.751,8540,-18.8,-14.05,97.0,49.0,27.23,37.52,46.8,165.0,-3.0,64.2,38.03,-38.03,135.03,0.852,-2.99,-2.99,0.0,306.9,60.0,-2.99,0.0,35.0,1,1,209,87,0,1,0,0,1,1,1,0,0,0,3,1,0,5,0,0
1785438413.823,8600,-11.8,-5.77,116.0,52.0,48.58,49.41,9.8,165.0,-3.0,53.0,54.1,-54.1,170.1,0.178,-2.998,-2.998,0.0,304.5,60.0,-2.998,0.0,35.0,1,1,186,87,0,1,0,0,1,1,1,0,0,0,2,1,0,5,0,0
1785438413.894,8660,-5.1,1.62,118.0,57.0,56.26,49.68,-22.0,165.0,-3.0,43.3,57.33,-57.33,175.33,-0.4,-2.999,-2.999,0.0,219.0,60.0,-2.999,0.0,35.0,1,1,167,87,0,1,0,0,1,1,1,0,0,0,1,1,0,5,0,0
1785438413.991,8720,5.5,9.64,122.0,34.0,66.58,51.76,-51.2,165.0,-3.0,34.5,60.27,-60.27,182.27,-0.932,-2.999,-2.999,0.0,160.5,60.0,-2.999,0.0,35.0,1,1,150,87,0,1,0,0,1,1,1,0,0,0,1,1,0,5,0,0
1785438413.991,8780,11.3,15.48,113.0,37.0,64.03,44.14,-72.2,165.0,-3.0,28.1,59.67,-59.67,172.67,-1.313,-2.998,-2.998,0.0,63.5,60.0,-2.998,0.0,35.0,1,1,138,87,0,1,0,0,1,1,1,0,0,0,1,1,0,5,0,0
1785438414.061,8840,16.1,20.3,100.0,42.0,58.27,34.52,-91.9,165.0,-3.0,22.1,58.02,-58.02,158.02,-1.671,-2.997,-2.997,0.0,-28.7,60.0,-2.997,0.0,35.0,1,1,127,87,0,1,0,0,1,1,1,0,0,0,2,1,0,5,0,0
1785438414.131,8900,21.1,25.37,95.0,45.0,59.41,30.94,-106.3,165.0,-3.0,17.8,58.38,-58.38,153.38,-1.932,-2.996,-2.996,0.0,-46.5,60.0,-2.996,0.0,35.0,1,1,119,87,0,1,0,0,1,1,1,0,0,0,2,1,0,5,0,0
1785438414.239,8960,24.0,27.48,71.0,49.0,46.93,17.69,-119.1,165.0,-3.0,13.9,53.27,-53.27,124.27,-2.165,-2.984,-2.984,0.0,-160.1,60.0,-2.984,0.0,35.0,1,1,112,88,0,1,0,0,1,1,1,0,0,0,2,1,0,5,0,0
1785438414.240,9020,27.5,31.18,67.0,55.0,48.44,15.69,-128.2,165.0,-3.0,11.1,54.04,-54.04,121.04,-2.331,-2.981,-2.981,0.0,-131.4,60.0,-2.981,0.0,36.0,1,1,107,88,0,1,0,0,1,1,1,0,0,0,1,1,0,5,0,0
1785438414.309,9080,29.8,32.98,54.0,59.0,44.42,10.4,-135.5,165.0,-3.0,8.9,51.88,-51.88,105.88,-2.464,-2.961,-2.961,0.0,-154.7,60.0,-2.961,0.0,36.0,1,1,103,88,0,1,0,0,1,1,1,0,0,0,2,1,0,5,0,0
1785438414.408,9140,30.5,31.27,22.0,35.0,33.53,2.05,-142.9,165.0,-3.0,6.7,44.07,-44.07,66.07,-2.598,-2.753,-2.753,0.0,-271.8,60.0,-2.753,0.0,36.0,1,1,99,94,0,1,0,0,1,1,1,0,0,0,3,1,0,5,0,0
1785438414.408,9200,30.0,30.0,4.0,39.0,30.17,0.15,-144.8,165.0,-3.0,6.1,41.0,-41.0,45.0,-2.632,-2.37,-2.37,0.0,-285.7,27.0,-2.37,0.0,36.0,1,1,98,106,0,0,0,0,0,1,0,0,0,0,2,1,0,5,0,0
1785438414.479,9260,28.9,28.9,-10.0,43.0,26.25,-2.41,-141.0,165.0,3.0,92.7,36.98,-36.98,26.98,-2.564,-1.7,-1.7,0.0,-270.8,27.3,-1.7,0.0,36.0,1,1,100,126,0,0,0,0,0,1,0,0,0,0,2,1,0,5,0,0
1785438414.548,9320,26.9,25.77,-24.0,47.0,19.55,-5.66,-130.0,165.0,3.0,89.4,29.07,-29.07,5.07,-2.365,-0.36,-0.36,0.0,-263.2,28.4,-0.842,0.0,36.0,1,1,106,153,0,0,0,0,1,1,1,0,0,0,1,1,0,5,0,0
1785438414.646,9380,22.0,19.25,-53.0,52.0,2.09,-15.6,-108.1,165.0,3.0,82.8,3.34,-3.34,-49.66,-1.965,2.485,2.485,0.0,-318.5,60.0,2.485,0.0,36.0,1,1,118,270,0,1,0,0,1,1,1,0,0,0,2,1,0,5,0,0
1785438414.646,9440,17.9,14.21,-66.0,56.0,-7.94,-20.13,-66.9,165.0,3.0,70.3,12.54,12.54,-78.54,-1.217,2.861,2.861,0.0,-285.0,60.0,2.861,0.0,36.0,1,1,141,286,0,1,0,0,1,1,1,0,0,0,2,1,0,5,0,0
1785438414.726,9500,8.9,5.7,-97.0,33.0,-34.39,-36.45,-25.4,165.0,3.0,57.7,44.8,44.8,-141.8,-0.461,2.993,2.993,0.0,-360.5,60.0,2.993,0.0,36.0,1,1,165,292,0,1,0,0,1,1,1,0,0,0,2,1,0,5,0,0
1785438414.825,9560,3.1,-0.81,-103.0,38.0,-43.66,-38.96,13.1,165.0,3.0,46.0,51.43,51.43,-154.43,0.238,2.996,2.996,0.0,-284.3,60.0,2.996,0.0,36.0,1,1,188,292,0,1,0,0,1,1,1,0,0,0,2,1,0,5,0,0
1785438414.825,9620,-2.7,-7.32,-105.0,44.0,-50.46,-39.22,48.4,165.0,3.0,35.3,54.99,54.99,-159.99,0.88,2.997,2.997,0.0,-205.8,60.0,2.997,0.0,36.0,1,1,210,292,0,1,0,0,1,1,1,0,0,0,1,1,0,5,0,0
1785438414.895,9680,-10.0,-15.66,-118.0,48.0,-68.29,-47.85,73.2,165.0,3.0,27.8,60.64,60.64,-178.64,1.33,2.999,2.999,0.0,-200.9,60.0,2.999,0.0,36.0,1,1,226,292,0,1,0,0,1,1,1,0,0,0,2,1,0,5,0,0
1785438414.965,9740,-16.5,-22.26,-113.0,51.0,-69.98,-43.38,94.2,165.0,3.0,21.4,60.98,60.98,-173.98,1.713,2.998,2.998,0.0,-107.8,60.0,2.998,0.0,36.0,1,1,240,292,0,1,0,0,1,1,1,0,0,0,3,1,0,5,0,0
1785438415.066,9800,-22.3,-27.91,-104.0,54.0,-68.17,-36.6,110.0,165.0,3.0,16.7,60.62,60.62,-164.62,1.999,2.998,2.998,0.0,-25.5,60.0,2.998,0.0,36.0,1,1,251,292,0,1,0,0,1,1,1,0,0,0,3,1,0,5,0,0
1785438415.066,9860,-30.0,-33.13,-95.0,33.0,-66.69,-30.51,121.4,165.0,3.0,13.2,60.3,60.3,-155.3,2.208,2.996,2.996,0.0,36.3,60.0,2.996,0.0,36.0,1,1,259,292,0,1,0,0,1,1,1,0,0,0,3,1,0,5,0,0
1785438415.133,9920,-33.9,-36.82,-79.0,37.0,-60.23,-21.28,132.3,165.0,3.0,9.9,58.63,58.63,-137.63,2.406,2.991,2.991,0.0,114.2,60.0,2.991,0.0,36.0,1,1,267,292,0,1,0,0,1,1,1,0,0,0,3,1,0,5,0,0
1785438415.241,9980,-36.4,-38.83,-58.0,42.0,-51.77,-11.76,141.8,165.0,3.0,7.0,55.57,55.57,-113.57,2.578,2.973,2.973,0.0,197.8,60.0,2.973,0.0,36.0,1,1,274,291,0,1,0,0,1,1,1,0,0,0,3,1,0,5,0,0
1785438415.241,10040,-37.6,-39.21,-35.0,46.0,-44.29,-4.62,145.8,165.0,3.0,5.8,51.8,51.8,-86.8,2.651,2.905,2.905,0.0,254.3,60.0,2.905,0.0,36.0,1,1,277,288,0,1,0,0,1,1,1,0,0,0,3,1,0,5,0,0
1785438415.311,10100,-37.6,-38.39,-15.0,53.0,-39.55,-1.05,149.9,165.0,3.0,4.6,48.77,48.77,-63.77,2.725,2.725,2.725,0.0,271.8,60.0,2.725,0.0,36.0,1,1,280,280,0,1,0,0,1,1,1,0,0,0,3,1,0,5,0,0
1785438415.381,10160,-36.3,-36.3,9.0,32.0,-33.74,2.33,148.5,165.0,-3.0,95.0,44.25,44.25,-35.25,2.701,2.056,2.056,0.0,311.2,25.3,2.056,0.0,36.0,1,1,279,253,0,0,0,0,0,1,0,0,0,0,3,1,0,5,0,0
1785438415.480,10220,-34.5,-33.65,23.0,37.0,-27.46,5.62,140.4,165.0,-3.0,92.6,38.28,38.28,-15.28,2.553,1.046,1.046,0.0,289.2,26.0,1.046,0.0,36.0,1,1,273,216,0,0,0,0,1,1,1,0,0,0,3,1,0,5,0,0
1785438415.480,10280,-30.5,-28.32,52.0,42.0,-10.94,15.8,124.2,165.0,-3.0,87.6,17.09,17.09,34.91,2.258,-2.043,-2.043,0.0,356.8,60.0,-1.38,0.0,36.0,1,1,261,136,0,1,0,0,1,1,1,0,0,0,3,1,0,5,0,0
1785438415.549,10340,-24.7,-20.92,86.0,44.0,15.14,32.78,92.7,165.0,-3.0,78.1,23.16,-23.16,109.16,1.686,-2.967,-2.967,0.0,430.8,60.0,-2.967,0.0,36.0,1,1,239,88,0,1,0,0,1,1,1,0,0,0,3,1,0,5,0,0
1785438415.619,10400,-18.6,-13.86,101.0,47.0,31.14,40.91,57.9,165.0,-3.0,67.5,41.92,-41.92,142.92,1.052,-2.993,-2.993,0.0,379.0,60.0,-2.993,0.0,36.0,1,1,216,87,0,1,0,0,1,1,1,0,0,0,3,1,0,5,0,0
1785438415.728,10460,-12.4,-6.9,108.0,51.0,41.37,43.88,19.6,165.0,-3.0,55.9,50.0,-50.0,158.0,0.357,-2.997,-2.997,0.0,301.5,60.0,-2.997,0.0,36.0,1,1,192,87,0,1,0,0,1,1,1,0,0,0,3,1,0,5,0,0
1785438415.728,10520,-5.1,1.49,120.0,55.0,58.07,51.43,-16.9,165.0,-3.0,44.9,57.95,-57.95,177.95,-0.307,-2.999,-2.999,0.0,261.5,60.0,-2.999,0.0,36.0,1,1,170,87,0,1,0,0,1,1,1,0,0,0,1,1,0,5,0,0
1785438415.798,10580,1.2,7.98,115.0,59.0,59.3,46.65,-42.5,165.0,-3.0,37.1,58.34,-58.34,173.34,-0.773,-2.998,-2.998,0.0,150.6,60.0,-2.998,0.0,36.0,1,1,155,87,0,1,0,0,1,1,1,0,0,0,2,1,0,5,0,0
1785438415.896,10640,10.7,14.65,113.0,35.0,63.4,44.32,-66.9,165.0,-3.0,29.7,59.51,-59.51,172.51,-1.217,-2.998,-2.998,0.0,90.0,60.0,-2.998,0.0,36.0,1,1,141,87,0,1,0,0,1,1,1,0,0,0,1,1,0,5,0,0
1785438415.896,10700,16.6,20.96,109.0,40.0,65.81,40.78,-86.6,165.0,-3.0,23.8,60.1,-60.1,169.1,-1.573,-2.998,-2.998,0.0,36.2,60.0,-2.998,0.0,36.0,1,1,130,87,0,1,0,0,1,1,1,0,0,0,2,1,0,5,0,0
1785438415.968,10760,21.6,25.95,99.0,44.0,62.86,33.56,-102.6,165.0,-3.0,18.9,59.37,-59.37,158.37,-1.866,-2.997,-2.997,0.0,-30.0,60.0,-2.997,0.0,36.0,1,1,121,87,0,1,0,0,1,1,1,0,0,0,2,1,0,5,0,0
1785438416.036,10820,24.7,28.3,75.0,48.0,49.94,19.68,-115.4,165.0,-3.0,15.0,54.75,-54.75,129.75,-2.098,-2.988,-2.988,0.0,-144.9,60.0,-2.988,0.0,36.0,1,1,114,88,0,1,0,0,1,1,1,0,0,0,2,1,0,5,0,0
1785438416.125,10880,29.1,32.15,71.0,43.0,51.43,17.53,-126.4,165.0,-3.0,11.7,55.43,-55.43,126.43,-2.298,-2.985,-2.985,0.0,-123.0,60.0,-2.985,0.0,36.0,1,1,108,88,0,1,0,0,1,1,1,0,0,0,2,1,0,5,0,0
1785438416.125,10940,30.6,34.49,59.0,66.0,48.01,12.29,-133.7,165.0,-3.0,9.5,53.82,-53.82,112.82,-2.431,-2.972,-2.972,0.0,-146.8,60.0,-2.972,0.0,36.0,1,1,104,88,0,1,0,0,1,1,1,0,1,0,3,1,0,5,0,0
1785438416.203,11000,31.7,32.46,21.0,36.0,34.56,1.91,-141.0,165.0,-3.0,7.3,44.94,-44.94,65.94,-2.564,-2.751,-2.751,0.0,-295.8,60.0,-2.751,0.0,36.0,1,1,100,94,0,1,0,0,1,1,1,0,0,0,3,1,0,5,0,0
1785438416.273,11060,31.3,31.3,4.0,43.0,31.47,0.15,-144.8,165.0,-3.0,6.1,42.22,-42.22,46.22,-2.632,-2.402,-2.402,0.0,-297.7,26.6,-2.402,0.0,36.0,1,1,98,105,0,0,0,0,0,1,0,0,0,0,3,1,0,5,0,0
1785438416.373,11120,30.6,30.6,-7.0,48.0,28.6,-1.81,-141.0,165.0,3.0,92.7,39.45,-39.45,32.45,-2.564,-1.945,-1.945,0.0,-262.7,26.8,-1.945,0.0,36.0,1,1,100,119,0,0,0,0,0,1,0,0,0,0,3,1,0,5,0,0
1785438416.373,11180,29.5,29.5,-14.0,54.0,26.02,-3.16,-133.7,165.0,3.0,90.5,36.74,-36.74,22.74,-2.431,-1.482,-1.482,0.0,-213.7,27.2,-1.482,0.0,36.0,1,1,104,133,0,0,0,0,0,1,0,0,0,0,2,1,0,5,0,0
1785438416.443,11240,24.6,23.08,-49.0,31.0,7.46,-14.2,-117.2,165.0,3.0,85.5,11.81,-11.81,-37.19,-2.132,2.127,2.127,0.0,-338.1,60.0,0.837,0.0,36.0,1,1,113,208,0,1,0,0,1,1,1,0,0,0,2,1,0,5,0,0
1785438416.512,11300,20.2,17.83,-64.0,37.0,-4.01,-19.86,-84.8,165.0,3.0,75.7,6.4,6.4,-70.4,-1.541,2.797,2.797,0.0,-312.9,60.0,2.797,0.0,36.0,1,1,131,283,0,1,0,0,1,1,1,0,0,0,1,1,0,5,0,0
1785438416.619,11360,14.7,11.3,-83.0,41.0,-19.95,-28.41,-42.5,165.0,3.0,62.9,29.58,29.58,-112.58,-0.773,2.972,2.972,0.0,-319.8,60.0,2.972,0.0,36.0,1,1,155,291,0,1,0,0,1,1,1,0,0,0,2,1,0,5,0,0
1785438416.619,11420,9.9,5.86,-86.0,47.0,-25.49,-28.5,-1.7,165.0,3.0,50.5,36.16,36.16,-122.16,-0.031,2.982,2.982,0.0,-233.4,60.0,2.982,0.0,36.0,1,1,179,291,0,1,0,0,1,1,1,0,0,0,1,1,0,5,0,0
1785438416.690,11480,3.2,-2.2,-104.0,52.0,-45.19,-39.08,31.1,165.0,3.0,40.6,52.32,52.32,-156.32,0.565,2.996,2.996,0.0,-251.3,60.0,2.996,0.0,36.0,1,1,199,292,0,1,0,0,1,1,1,0,0,0,2,1,0,5,0,0
1785438416.789,11540,-6.4,-10.11,-116.0,32.0,-61.6,-46.81,59.4,165.0,3.0,32.0,59.02,59.02,-175.02,1.08,2.999,2.999,0.0,-236.6,60.0,2.999,0.0,36.0,1,1,217,292,0,1,0,0,1,1,1,0,0,0,2,1,0,5,0,0
1785438416.789,11600,-13.0,-17.64,-119.0,39.0,-70.69,-48.23,83.7,165.0,3.0,24.6,61.12,61.12,-180.12,1.522,2.999,2.999,0.0,-176.7,60.0,2.999,0.0,36.0,1,1,233,292,0,1,0,0,1,1,1,0,0,0,3,1,0,5,0,0
1785438416.859,11660,-18.5,-23.45,-110.0,45.0,-68.59,-41.04,100.0,165.0,3.0,19.7,60.71,60.71,-170.71,1.817,2.998,2.998,0.0,-69.7,60.0,2.998,0.0,36.0,1,1,244,292,0,1,0,0,1,1,1,0,0,0,3,1,0,5,0,0
1785438416.929,11720,-23.5,-28.44,-97.0,51.0,-63.54,-31.91,115.7,165.0,3.0,14.9,59.54,59.54,-156.54,2.103,2.997,2.997,0.0,28.6,60.0,2.997,0.0,36.0,1,1,255,292,0,1,0,0,1,1,1,0,0,0,3,1,0,5,0,0
1785438417.027,11780,-29.0,-34.48,-98.0,56.0,-69.95,-32.24,125.6,165.0,3.0,12.0,60.98,60.98,-158.98,2.283,2.997,2.997,0.0,16.3,60.0,2.997,0.0,36.0,1,1,262,292,0,1,0,0,1,1,1,0,0,0,3,1,0,5,0,0
1785438417.027,11840,-34.1,-36.44,-71.0,33.0,-55.52,-17.34,135.0,165.0,3.0,9.1,57.06,57.06,-128.06,2.455,2.987,2.987,0.0,150.3,60.0,2.987,0.0,36.0,1,1,269,291,0,1,0,0,1,1,1,0,0,0,3,1,0,5,0,0
1785438417.097,11900,-36.4,-38.28,-51.0,37.0,-48.47,-9.26,141.8,165.0,3.0,7.0,54.05,54.05,-105.05,2.578,2.96,2.96,0.0,216.7,60.0,2.96,0.0,36.0,1,1,274,290,0,1,0,0,1,1,1,0,0,0,3,1,0,5,0,0
1785438417.191,11960,-36.8,-37.85,-25.0,42.0,-40.63,-2.53,147.2,165.0,3.0,5.4,49.51,49.51,-74.51,2.676,2.832,2.832,0.0,292.8,60.0,2.832,0.0,36.0,1,1,278,285,0,1,0,0,1,1,1,0,0,0,3,1,0,5,0,0
1785438417.191,12020,-36.3,-36.3,-4.0,47.0,-36.46,-0.15,148.5,165.0,3.0,5.0,46.48,46.48,-50.48,2.701,2.503,2.503,0.0,310.4,25.3,2.503,0.0,36.0,1,1,279,271,0,0,0,0,0,1,0,0,0,0,3,1,0,5,0,0
1785438417.275,12080,-35.0,-35.0,13.0,52.0,-31.53,3.15,145.8,165.0,-3.0,94.2,42.28,42.28,-29.28,2.651,1.808,1.808,0.0,296.6,25.6,1.808,0.0,36.5,1,1,277,244,0,0,0,0,0,1,0,0,0,0,3,1,0,5,0,0
1785438417.345,12140,-32.2,-30.13,37.0,56.0,-19.22,9.92,131.0,165.0,-3.0,89.7,28.64,28.64,8.36,2.381,-0.589,-0.589,0.0,323.4,60.0,-0.589,0.0,36.5,1,1,266,161,0,1,0,0,1,1,1,0,0,0,3,1,0,5,0,0
1785438417.443,12200,-25.2,-22.7,76.0,33.0,7.08,27.07,100.0,165.0,-3.0,80.3,11.22,-11.22,87.22,1.817,-2.907,-2.907,0.0,430.5,60.0,-2.907,0.0,36.5,1,1,244,90,0,1,0,0,1,1,1,0,0,0,3,1,0,5,0,0
1785438417.443,12260,-19.4,-15.89,95.0,37.0,25.01,37.18,65.6,165.0,-3.0,69.9,35.63,-35.63,130.63,1.193,-2.988,-2.988,0.0,402.6,60.0,-2.988,0.0,36.5,1,1,221,88,0,1,0,0,1,1,1,0,0,0,3,1,0,5,0,0
1785438417.513,12320,-13.6,-9.46,101.0,41.0,33.67,39.21,26.2,165.0,-3.0,57.9,44.19,-44.19,145.19,0.475,-2.994,-2.994,0.0,311.2,60.0,-2.994,0.0,36.5,1,1,196,87,0,1,0,0,1,1,1,0,0,0,3,1,0,5,0,0
1785438417.583,12380,-7.5,-2.64,108.0,45.0,44.31,42.69,-6.8,165.0,-3.0,48.0,51.82,-51.82,159.82,-0.123,-2.997,-2.997,0.0,255.0,60.0,-2.997,0.0,36.5,1,1,176,87,0,1,0,0,1,1,1,0,0,0,3,1,0,5,0,0
1785438417.680,12440,-1.0,4.86,115.0,51.0,56.31,46.77,-39.1,165.0,-3.0,38.2,57.35,-57.35,172.35,-0.71,-2.998,-2.998,0.0,209.6,60.0,-2.998,0.0,36.5,1,1,157,87,0,1,0,0,1,1,1,0,0,0,2,1,0,5,0,0
1785438417.680,12500,5.3,12.08,117.0,58.0,64.32,47.49,-61.7,165.0,-3.0,31.3,59.74,-59.74,176.74,-1.122,-2.999,-2.999,0.0,152.6,60.0,-2.999,0.0,36.5,1,1,144,87,0,1,0,0,1,1,1,0,0,0,2,1,0,5,0,0
1785438417.751,12560,13.5,17.35,107.0,36.0,60.86,39.56,-81.2,165.0,-3.0,25.4,58.81,-58.81,165.81,-1.476,-2.998,-2.998,0.0,55.3,60.0,-2.998,0.0,36.5,1,1,133,87,0,1,0,0,1,1,1,0,0,0,2,1,0,5,0,0
1785438417.821,12620,17.7,21.47,92.0,41.0,53.73,29.33,-99.1,165.0,-3.0,20.0,56.38,-56.38,148.38,-1.801,-2.995,-2.995,0.0,-41.9,60.0,-2.995,0.0,36.5,1,1,123,87,0,1,0,0,1,1,1,0,0,0,2,1,0,5,0,0
1785438417.920,12680,22.0,25.78,84.0,45.0,52.64,24.42,-111.8,165.0,-3.0,16.1,55.94,-55.94,139.94,-2.032,-2.992,-2.992,0.0,-75.9,60.0,-2.992,0.0,36.5,1,1,116,87,0,1,0,0,1,1,1,0,0,0,2,1,0,5,0,0
1785438417.920,12740,23.9,26.63,57.0,48.0,39.52,11.72,-122.7,165.0,-3.0,12.8,48.75,-48.75,105.75,-2.231,-2.961,-2.961,0.0,-192.7,60.0,-2.961,0.0,36.5,1,1,110,88,0,1,0,0,1,1,1,0,0,0,2,1,0,5,0,0
1785438417.989,12800,26.8,29.55,54.0,51.0,41.09,10.49,-130.0,165.0,-3.0,10.6,49.81,-49.81,103.81,-2.365,-2.958,-2.958,0.0,-148.7,60.0,-2.958,0.0,36.5,1,1,106,88,0,1,0,0,1,1,1,0,0,0,1,1,0,5,0,0
1785438418.059,12860,28.1,30.3,40.0,55.0,36.86,5.96,-139.2,165.0,-3.0,7.8,46.79,-46.79,86.79,-2.531,-2.905,-2.905,0.0,-170.6,60.0,-2.905,0.0,36.5,1,1,101,90,0,1,0,0,1,1,1,0,0,0,2,1,0,5,0,0
1785438418.160,12920,28.0,28.51,15.0,34.0,29.7,1.08,-142.9,165.0,-3.0,6.7,40.54,-40.54,55.54,-2.598,-2.602,-2.602,0.0,-244.4,60.0,-2.602,0.0,36.5,1,1,99,99,0,1,0,0,1,1,1,0,0,0,2,1,0,5,0,0
1785438418.160,12980,27.2,27.2,-1.0,41.0,26.32,-0.8,-142.9,165.0,3.0,93.3,37.07,-37.07,36.07,-2.598,-2.087,-2.087,0.0,-259.9,27.9,-2.087,0.0,36.5,1,1,99,114,0,0,0,0,0,1,0,0,0,0,1,1,0,5,0,0
1785438418.238,13040,23.0,21.4,-34.0,47.0,11.57,-8.94,-133.7,165.0,3.0,90.5,18.03,-18.03,-15.97,-2.431,1.089,1.089,0.0,-346.6,60.0,0.272,0.0,36.0,1,1,104,189,0,1,0,0,1,1,1,0,0,0,2,1,0,5,0,0
1785438418.336,13100,20.8,18.84,-37.0,53.0,8.94,-9.0,-100.9,165.0,3.0,80.6,14.08,-14.08,-22.92,-1.834,1.492,1.492,0.0,-251.8,60.0,1.492,0.0,36.0,1,1,122,232,0,1,0,0,1,1,1,0,0,0,2,1,0,5,0,0
1785438418.336,13160,15.9,12.08,-67.0,57.0,-10.31,-20.36,-60.0,165.0,3.0,68.2,16.15,16.15,-83.15,-1.09,2.888,2.888,0.0,-325.7,60.0,2.888,0.0,36.0,1,1,145,287,0,1,0,0,1,1,1,0,0,0,3,1,0,5,0,0
1785438418.406,13220,8.6,5.75,-84.0,34.0,-25.03,-27.98,-18.6,165.0,3.0,55.6,35.65,35.65,-119.65,-0.338,2.98,2.98,0.0,-319.0,60.0,2.98,0.0,36.0,1,1,169,291,0,1,0,0,1,1,1,0,0,0,1,1,0,5,0,0
1785438418.476,13280,2.7,-1.1,-95.0,40.0,-37.93,-33.49,18.0,165.0,3.0,44.6,47.6,47.6,-142.6,0.327,2.993,2.993,0.0,-278.3,60.0,2.993,0.0,36.0,1,1,191,292,0,1,0,0,1,1,1,0,0,0,1,1,0,5,0,0
1785438418.574,13340,-4.0,-8.75,-108.0,44.0,-54.15,-41.28,50.0,165.0,3.0,34.9,56.55,56.55,-164.55,0.909,2.998,2.998,0.0,-258.6,60.0,2.998,0.0,36.0,1,1,211,292,0,1,0,0,1,1,1,0,0,0,1,1,0,5,0,0
1785438418.574,13400,-10.2,-15.38,-108.0,48.0,-59.89,-40.47,74.7,165.0,3.0,27.4,58.53,58.53,-166.53,1.357,2.998,2.998,0.0,-172.4,60.0,2.998,0.0,36.0,1,1,227,292,0,1,0,0,1,1,1,0,0,0,2,1,0,5,0,0
1785438418.644,13460,-17.3,-23.31,-118.0,51.0,-75.06,-47.04,95.7,165.0,3.0,21.0,61.85,61.85,-179.85,1.739,2.999,2.999,0.0,-166.7,60.0,2.999,0.0,36.0,1,1,241,292,0,1,0,0,1,1,1,0,0,0,3,1,0,5,0,0
1785438418.750,13520,-23.3,-29.4,-109.0,56.0,-73.36,-39.96,111.4,165.0,3.0,16.2,61.58,61.58,-170.58,2.025,2.998,2.998,0.0,-64.7,60.0,2.998,0.0,36.0,1,1,252,292,0,1,0,0,1,1,1,0,0,0,3,1,0,5,0,0
1785438418.750,13580,-30.5,-33.31,-88.0,32.0,-62.3,-26.36,122.8,165.0,3.0,12.8,59.22,59.22,-147.22,2.234,2.995,2.995,0.0,72.2,60.0,2.995,0.0,36.0,1,1,260,292,0,1,0,0,1,1,1,0,0,0,3,1,0,5,0,0
1785438418.824,13640,-34.1,-36.91,-76.0,37.0,-58.63,-19.75,133.7,165.0,3.0,9.5,58.13,58.13,-134.13,2.43,2.99,2.99,0.0,113.3,60.0,2.99,0.0,36.0,1,1,268,292,0,1,0,0,1,1,1,0,0,0,3,1,0,5,0,0
1785438418.892,13700,-36.6,-38.99,-57.0,42.0,-51.54,-11.41,140.4,165.0,3.0,7.4,55.48,55.48,-112.48,2.553,2.972,2.972,0.0,184.7,60.0,2.972,0.0,36.0,1,1,273,291,0,1,0,0,1,1,1,0,0,0,3,1,0,5,0,0
1785438418.990,13760,-37.3,-38.76,-31.0,47.0,-42.84,-3.71,145.8,165.0,3.0,5.8,50.93,50.93,-81.93,2.651,2.881,2.881,0.0,261.6,60.0,2.881,0.0,36.0,1,1,277,287,0,1,0,0,1,1,1,0,0,0,3,1,0,5,0,0
1785438418.990,13820,-37.3,-37.86,-11.0,51.0,-38.57,-0.64,148.5,165.0,3.0,5.0,48.07,48.07,-59.07,2.701,2.66,2.66,0.0,276.8,60.0,2.66,0.0,36.0,1,1,279,277,0,1,0,0,1,1,1,0,0,0,3,1,0,5,0,0
1785438419.060,13880,-36.2,-36.2,8.0,57.0,-33.91,2.08,145.8,165.0,-3.0,94.2,44.4,44.4,-36.4,2.651,2.099,2.099,0.0,283.3,25.3,2.099,0.0,36.0,1,1,277,255,0,0,0,0,0,1,0,0,0,0,3,1,0,5,0,0
1785438419.130,13940,-32.5,-31.28,37.0,33.0,-20.17,10.1,136.4,165.0,-3.0,91.3,29.86,29.86,7.14,2.479,-0.505,-0.505,0.0,346.5,60.0,-0.074,0.0,36.0,1,1,270,178,0,1,0,0,1,1,1,0,0,0,3,1,0,5,0,0
1785438419.232,14000,-28.6,-26.53,56.0,37.0,-7.71,17.11,111.4,165.0,-3.0,83.8,12.2,12.2,43.8,2.025,-2.337,-2.337,0.0,338.7,60.0,-2.337,0.0,36.0,1,1,252,107,0,1,0,0,1,1,1,0,0,0,3,1,0,5,0,0
1785438419.232,14060,-22.4,-18.67,91.0,41.0,19.93,35.1,76.2,165.0,-3.0,73.1,29.56,-29.56,120.56,1.385,-2.981,-2.981,0.0,426.8,60.0,-2.981,0.0,36.0,1,1,228,88,0,1,0,0,1,1,1,0,0,0,3,1,0,5,0,0
1785438419.309,14120,-16.2,-11.12,106.0,48.0,36.58,43.36,37.4,165.0,-3.0,61.3,46.57,-46.57,152.57,0.68,-2.996,-2.996,0.0,378.8,60.0,-2.996,0.0,36.0,1,1,203,87,0,1,0,0,1,1,1,0,0,0,3,1,0,5,0,0
1785438419.407,14180,-10.0,-4.29,112.0,51.0,46.33,46.02,3.3,165.0,-3.0,51.0,52.95,-52.95,164.95,0.059,-2.998,-2.998,0.0,293.2,60.0,-2.998,0.0,36.0,1,1,182,87,0,1,0,0,1,1,1,0,0,0,2,1,0,5,0,0
1785438419.407,14240,-3.8,2.75,115.0,57.0,54.59,47.13,-28.7,165.0,-3.0,41.3,56.72,-56.72,171.72,-0.523,-2.998,-2.998,0.0,217.6,60.0,-2.998,0.0,36.0,1,1,163,87,0,1,0,0,1,1,1,0,0,0,2,1,0,5,0,0
1785438419.477,14300,5.7,9.65,113.0,35.0,58.93,44.8,-53.0,165.0,-3.0,33.9,58.23,-58.23,171.23,-0.963,-2.998,-2.998,0.0,131.3,60.0,-2.998,0.0,36.0,1,1,149,87,0,1,0,0,1,1,1,0,0,0,2,1,0,5,0,0
1785438419.547,14360,11.7,16.06,112.0,39.0,63.61,43.23,-77.6,165.0,-3.0,26.5,59.56,-59.56,171.56,-1.411,-2.998,-2.998,0.0,87.8,60.0,-2.998,0.0,36.0,1,1,135,87,0,1,0,0,1,1,1,0,0,0,2,1,0,5,0,0
1785438419.647,14420,16.4,20.81,98.0,45.0,57.25,33.13,-95.5,165.0,-3.0,21.1,57.68,-57.68,155.68,-1.736,-2.996,-2.996,0.0,-15.6,60.0,-2.996,0.0,36.0,1,1,125,87,0,1,0,0,1,1,1,0,0,0,3,1,0,5,0,0
1785438419.647,14480,21.4,26.1,94.0,50.0,59.35,30.23,-109.9,165.0,-3.0,16.7,58.36,-58.36,152.36,-1.998,-2.996,-2.996,0.0,-35.5,60.0,-2.996,0.0,36.0,1,1,117,87,0,1,0,0,1,1,1,0,0,0,2,1,0,5,0,0
1785438419.715,14540,24.0,27.72,69.0,54.0,46.13,16.73,-120.9,165.0,-3.0,13.4,52.84,-52.84,121.84,-2.198,-2.982,-2.982,0.0,-145.6,60.0,-2.982,0.0,36.0,1,1,111,88,0,1,0,0,1,1,1,0,0,0,2,1,0,5,0,0
1785438419.817,14600,27.4,31.05,64.0,57.0,46.85,14.37,-130.0,165.0,-3.0,10.6,53.23,-53.23,117.23,-2.365,-2.977,-2.977,0.0,-125.4,60.0,-2.977,0.0,36.0,1,1,106,88,0,1,0,0,1,1,1,0,0,0,1,1,0,5,0,0
1785438419.817,14660,28.9,30.09,36.0,33.0,35.53,4.95,-137.4,165.0,-3.0,8.4,45.74,-45.74,81.74,-2.498,-2.88,-2.88,0.0,-229.6,60.0,-2.88,0.0,36.0,1,1,102,91,0,1,0,0,1,1,1,0,0,0,2,1,0,5,0,0
1785438419.892,14720,29.4,30.26,22.0,39.0,32.52,2.05,-142.9,165.0,-3.0,6.7,43.18,-43.18,65.18,-2.598,-2.742,-2.742,0.0,-235.9,60.0,-2.742,0.0,36.0,1,1,99,95,0,1,0,0,1,1,1,0,0,0,2,1,0,5,0,0
1785438419.963,14780,28.3,28.3,0.0,46.0,28.3,0.0,-142.9,165.0,3.0,0.0,39.14,-39.14,39.14,-2.598,-2.195,-2.195,0.0,-274.5,27.5,-2.195,0.0,36.0,1,1,99,111,0,0,0,0,0,1,0,0,0,0,2,1,0,5,0,0
1785438420.062,14840,27.6,27.6,-6.0,49.0,25.86,-1.58,-137.4,165.0,3.0,91.6,36.57,-36.57,30.57,-2.498,-1.865,-1.865,0.0,-221.3,27.7,-1.865,0.0,36.0,1,1,102,121,0,0,0,0,0,1,0,0,0,0,1,1,0,5,0,0
1785438420.062,14900,23.0,20.8,-40.0,55.0,9.03,-10.7,-120.9,165.0,3.0,86.6,14.21,-14.21,-25.79,-2.198,1.641,1.641,0.0,-312.0,60.0,1.641,0.0,36.0,1,1,111,237,0,1,0,0,1,1,1,0,0,0,3,1,0,5,0,0
1785438420.132,14960,17.8,15.8,-59.0,34.0,-3.3,-17.36,-83.0,165.0,3.0,75.1,5.27,5.27,-64.27,-1.508,2.731,2.731,0.0,-320.1,60.0,2.731,0.0,36.0,1,1,132,280,0,1,0,0,1,1,1,0,0,0,2,1,0,5,0,0
1785438420.201,15020,13.4,10.56,-71.0,40.0,-13.27,-21.66,-40.8,165.0,3.0,62.4,20.5,20.5,-91.5,-0.742,2.924,2.924,0.0,-284.9,60.0,2.924,0.0,36.0,1,1,156,289,0,1,0,0,1,1,1,0,0,0,1,1,0,5,0,0
1785438420.300,15080,7.8,3.44,-89.0,49.0,-29.96,-30.37,-3.4,165.0,3.0,51.0,40.8,40.8,-129.8,-0.061,2.988,2.988,0.0,-300.3,60.0,2.988,0.0,37.0,1,1,178,291,0,1,0,0,1,1,1,0,0,0,2,1,0,5,0,0
1785438420.300,15140,0.9,-4.77,-107.0,53.0,-50.01,-41.13,32.7,165.0,3.0,40.1,54.79,54.79,-161.79,0.594,2.997,2.997,0.0,-293.6,60.0,2.997,0.0,37.0,1,1,200,292,0,1,0,0,1,1,1,0,0,0,2,1,0,5,0,0
1785438420.380,15200,-5.3,-11.51,-109.0,57.0,-57.3,-41.63,61.0,165.0,3.0,31.5,57.69,57.69,-166.69,1.109,2.998,2.998,0.0,-210.3,60.0,2.998,0.0,37.0,1,1,218,292,0,1,0,0,1,1,1,0,0,0,1,1,0,5,0,0
1785438420.479,15260,-15.3,-19.09,-115.0,33.0,-68.77,-45.16,85.2,165.0,3.0,24.2,60.74,60.74,-175.74,1.549,2.999,2.999,0.0,-170.0,60.0,2.999,0.0,37.0,1,1,234,292,0,1,0,0,1,1,1,0,0,0,3,1,0,5,0,0
1785438420.479,15320,-21.0,-25.06,-107.0,38.0,-67.8,-38.86,102.8,165.0,3.0,18.8,60.54,60.54,-167.54,1.869,2.998,2.998,0.0,-71.8,60.0,2.998,0.0,37.0,1,1,246,292,0,1,0,0,1,1,1,0,0,0,3,1,0,5,0,0
1785438420.549,15380,-25.5,-29.36,-92.0,42.0,-61.11,-28.87,115.7,165.0,3.0,14.9,58.89,58.89,-150.89,2.103,2.995,2.995,0.0,34.0,60.0,2.995,0.0,37.0,1,1,255,292,0,1,0,0,1,1,1,0,0,0,3,1,0,5,0,0
1785438420.619,15440,-30.3,-34.47,-87.0,48.0,-62.73,-25.68,126.9,165.0,3.0,11.5,59.33,59.33,-146.33,2.307,2.994,2.994,0.0,56.7,60.0,2.994,0.0,37.0,1,1,263,292,0,1,0,0,1,1,1,0,0,0,3,1,0,5,0,0
1785438420.716,15500,-33.6,-37.29,-71.0,52.0,-56.37,-17.34,135.0,165.0,3.0,9.1,57.37,57.37,-128.37,2.455,2.987,2.987,0.0,115.9,60.0,2.987,0.0,37.0,1,1,269,291,0,1,0,0,1,1,1,0,0,0,3,1,0,5,0,0
1785438420.716,15560,-35.8,-38.87,-53.0,58.0,-49.81,-9.95,141.8,165.0,3.0,7.0,54.7,54.7,-107.7,2.578,2.965,2.965,0.0,166.9,60.0,2.965,0.0,37.0,1,1,274,290,0,1,0,0,1,1,1,0,0,0,3,1,0,5,0,0
1785438420.786,15620,-36.0,-36.52,-15.0,35.0,-37.69,-1.06,147.2,165.0,3.0,5.4,47.42,47.42,-62.42,2.676,2.708,2.708,0.0,308.4,60.0,2.708,0.0,37.0,1,1,278,279,0,1,0,0,1,1,1,0,0,0,3,1,0,5,0,0
1785438420.889,15680,-35.2,-35.2,2.0,39.0,-34.08,1.02,148.5,165.0,-3.0,95.0,44.54,44.54,-42.54,2.701,2.301,2.301,0.0,304.9,25.6,2.301,0.0,37.0,1,1,279,263,0,0,0,0,0,1,0,0,0,0,3,1,0,5,0,0
1785438420.889,15740,-32.6,-31.25,30.0,45.0,-22.69,7.78,140.4,165.0,-3.0,92.6,32.95,32.95,-2.95,2.553,0.21,0.21,0.0,358.5,26.6,1.183,0.0,37.0,1,1,273,221,0,0,0,0,1,1,1,0,0,0,3,1,0,5,0,0
1785438420.965,15800,-29.1,-26.6,51.0,49.0,-9.84,15.24,121.4,165.0,-3.0,86.8,15.44,15.44,35.56,2.208,-2.068,-2.068,0.0,352.9,60.0,-2.068,0.0,37.0,1,1,259,115,0,1,0,0,1,1,1,0,0,0,3,1,0,5,0,0
1785438421.035,15860,-24.5,-20.62,72.0,54.0,5.95,24.15,86.7,165.0,-3.0,76.3,9.45,-9.45,81.45,1.576,-2.878,-2.878,0.0,348.4,60.0,-2.878,0.0,37.0,1,1,235,91,0,1,0,0,1,1,1,0,0,0,3,1,0,5,0,0
1785438421.128,15920,-18.9,-13.63,91.0,58.0,23.37,33.63,48.4,165.0,-3.0,64.7,33.75,-33.75,124.75,0.88,-2.984,-2.984,0.0,334.9,60.0,-2.984,0.0,37.0,1,1,210,88,0,1,0,0,1,1,1,0,0,0,3,1,0,5,0,0
1785438421.128,15980,-9.1,-5.33,111.0,34.0,45.01,45.76,13.1,165.0,-3.0,54.0,52.22,-52.22,163.22,0.238,-2.997,-2.997,0.0,332.7,60.0,-2.997,0.0,37.0,1,1,188,87,0,1,0,0,1,1,1,0,0,0,2,1,0,5,0,0
1785438421.203,16040,-2.6,2.07,117.0,40.0,55.86,48.9,-22.0,165.0,-3.0,43.3,57.19,-57.19,174.19,-0.4,-2.999,-2.999,0.0,260.4,60.0,-2.999,0.0,36.0,1,1,167,87,0,1,0,0,1,1,1,0,0,0,1,1,0,5,0,0
1785438421.273,16100,3.1,8.13,112.0,45.0,56.8,44.24,-47.8,165.0,-3.0,35.5,57.52,-57.52,169.52,-0.868,-2.998,-2.998,0.0,157.3,60.0,-2.998,0.0,36.0,1,1,152,87,0,1,0,0,1,1,1,0,0,0,2,1,0,5,0,0
1785438421.371,16160,9.2,14.59,110.0,49.0,60.81,42.03,-70.5,165.0,-3.0,28.7,58.8,-58.8,168.8,-1.281,-2.998,-2.998,0.0,91.1,60.0,-2.998,0.0,36.0,1,1,139,87,0,1,0,0,1,1,1,0,0,0,2,1,0,5,0,0
1785438421.371,16220,14.4,19.85,101.0,54.0,58.6,35.23,-90.1,165.0,-3.0,22.7,58.12,-58.12,159.12,-1.639,-2.997,-2.997,0.0,17.1,60.0,-2.997,0.0,36.0,1,1,128,87,0,1,0,0,1,1,1,0,0,0,2,1,0,5,0,0
1785438421.441,16280,20.5,23.3,85.0,33.0,50.98,25.16,-104.4,165.0,-3.0,18.4,55.23,-55.23,140.23,-1.899,-2.992,-2.992,0.0,-67.2,60.0,-2.992,0.0,36.0,1,1,120,87,0,1,0,0,1,1,1,0,0,0,2,1,0,5,0,0
1785438421.511,16340,23.2,25.5,64.0,36.0,41.58,14.62,-117.2,165.0,-3.0,14.5,50.14,-50.14,114.14,-2.132,-2.974,-2.974,0.0,-164.9,60.0,-2.974,0.0,36.0,1,1,113,88,0,1,0,0,1,1,1,0,0,0,2,1,0,5,0,0
1785438421.609,16400,26.0,28.18,56.0,39.0,40.56,11.25,-128.2,165.0,-3.0,11.1,49.46,-49.46,105.46,-2.331,-2.961,-2.961,0.0,-157.5,60.0,-2.961,0.0,36.0,1,1,107,88,0,1,0,0,1,1,1,0,0,0,1,1,0,5,0,0
1785438421.609,16460,27.6,29.45,43.0,43.0,36.95,6.82,-137.4,165.0,-3.0,8.4,46.86,-46.86,89.86,-2.498,-2.918,-2.918,0.0,-183.3,60.0,-2.918,0.0,36.0,1,1,102,90,0,1,0,0,1,1,1,0,0,0,1,1,0,5,0,0
1785438421.679,16520,27.7,28.69,23.0,43.0,31.13,2.22,-142.9,165.0,-3.0,6.7,41.91,-41.91,64.91,-2.598,-2.739,-2.739,0.0,-237.3,60.0,-2.739,0.0,36.0,1,1,99,95,0,1,0,0,1,1,1,0,0,0,2,1,0,5,0,0
1785438421.748,16580,28.1,29.25,18.0,64.0,30.84,1.44,-146.6,165.0,-3.0,5.6,41.63,-41.63,59.63,-2.666,-2.669,-2.669,0.0,-189.0,60.0,-2.669,0.0,36.0,1,1,97,97,0,1,0,0,1,1,1,0,1,0,1,1,0,5,0,0
1785438421.847,16640,26.3,26.3,-8.0,57.0,24.03,-2.06,-144.8,165.0,3.0,93.9,34.51,-34.51,26.51,-2.632,-1.677,-1.677,0.0,-260.5,28.2,-1.677,0.0,36.0,1,1,98,127,0,0,0,0,0,1,0,0,0,0,1,1,0,5,0,0
1785438421.847,16700,20.8,19.33,-41.0,36.0,7.0,-11.21,-124.6,165.0,3.0,87.7,11.09,-11.09,-29.91,-2.265,1.836,1.836,0.0,-339.7,60.0,1.836,0.0,36.0,1,1,109,245,0,1,0,0,1,1,1,0,0,0,2,1,0,5,0,0
1785438421.917,16760,17.9,15.93,-48.0,41.0,1.98,-12.69,-86.6,165.0,3.0,76.2,3.16,-3.16,-44.84,-1.573,2.366,2.366,0.0,-273.9,60.0,2.366,0.0,36.0,1,1,130,265,0,1,0,0,1,1,1,0,0,0,1,1,0,5,0,0
1785438421.987,16820,14.8,9.93,-65.0,75.0,-10.73,-18.78,-44.3,165.0,3.0,63.4,16.78,16.78,-81.78,-0.805,2.88,2.88,0.0,-266.0,60.0,2.88,0.0,36.0,1,1,154,287,0,1,0,0,1,1,1,0,1,1,3,1,0,6,0,0
1785438422.077,16880,7.4,3.43,-81.0,49.0,-24.95,-25.8,-6.8,165.0,3.0,52.0,35.55,35.55,-116.55,-0.123,2.977,2.977,0.0,-259.9,60.0,2.977,0.0,36.0,1,1,176,291,0,1,0,0,1,1,1,0,0,0,2,1,0,6,0,0
1785438422.077,16940,0.6,-5.17,-105.0,55.0,-48.98,-39.83,29.4,165.0,3.0,41.1,54.3,54.3,-159.3,0.535,2.997,2.997,0.0,-301.9,60.0,2.997,0.0,36.0,1,1,198,292,0,1,0,0,1,1,1,0,0,0,2,1,0,6,0,0
1785438422.156,17000,-9.9,-13.73,-120.0,32.0,-68.61,-49.88,59.4,165.0,3.0,32.0,60.71,60.71,-180.71,1.08,2.999,2.999,0.0,-285.5,60.0,2.999,0.0,36.0,1,1,217,292,0,1,0,0,1,1,1,0,0,0,1,1,0,6,0,0
1785438422.225,17060,-16.6,-20.95,-121.0,36.0,-75.7,-49.78,83.7,165.0,3.0,24.6,61.95,61.95,-182.95,1.522,2.999,2.999,0.0,-202.7,60.0,2.999,0.0,35.0,1,1,233,292,0,1,0,0,1,1,1,0,0,0,3,1,0,6,0,0
1785438422.324,17120,-22.2,-26.64,-111.0,40.0,-72.51,-41.7,101.4,165.0,3.0,19.3,61.44,61.44,-172.44,1.843,2.998,2.998,0.0,-87.3,60.0,2.998,0.0,35.0,1,1,245,292,0,1,0,0,1,1,1,0,0,0,3,1,0,6,0,0
1785438422.325,17180,-28.3,-33.4,-111.0,46.0,-78.74,-41.22,115.7,165.0,3.0,14.9,62.36,62.36,-173.36,2.103,2.998,2.998,0.0,-53.5,60.0,2.998,0.0,35.0,1,1,255,292,0,1,0,0,1,1,1,0,0,0,3,1,0,6,0,0
1785438422.393,17240,-32.7,-37.39,-92.0,51.0,-68.84,-28.59,125.6,165.0,3.0,12.0,60.76,60.76,-152.76,2.283,2.996,2.996,0.0,55.8,60.0,2.996,0.0,35.0,1,1,262,292,0,1,0,0,1,1,1,0,0,0,3,1,0,6,0,0
1785438422.463,17300,-36.3,-40.42,-75.0,55.0,-61.57,-19.23,135.0,165.0,3.0,9.1,59.02,59.02,-134.02,2.455,2.99,2.99,0.0,124.7,60.0,2.99,0.0,35.0,1,1,269,292,0,1,0,0,1,1,1,0,0,0,3,1,0,6,0,0
1785438422.561,17360,-39.6,-41.26,-49.0,34.0,-50.73,-8.6,141.8,165.0,3.0,7.0,55.11,55.11,-104.11,2.578,2.958,2.958,0.0,219.4,60.0,2.958,0.0,35.0,1,1,274,290,0,1,0,0,1,1,1,0,0,0,3,1,0,6,0,0
1785438422.562,17420,-40.9,-42.15,-32.0,39.0,-46.45,-3.92,147.2,165.0,3.0,5.4,53.01,53.01,-85.01,2.676,2.897,2.897,0.0,245.9,60.0,2.897,0.0,35.0,1,1,278,287,0,1,0,0,1,1,1,0,0,0,3,1,0,6,0,0
1785438422.642,17480,-40.7,-41.13,-10.0,43.0,-41.73,-0.55,149.9,165.0,3.0,4.6,50.23,50.23,-60.23,2.725,2.678,2.678,0.0,291.4,60.0,2.678,0.0,35.0,1,1,280,278,0,1,0,0,1,1,1,0,0,0,3,1,0,6,0,0
1785438422.740,17540,-38.2,-37.12,23.0,47.0,-30.67,5.86,149.9,165.0,-3.0,95.4,41.48,41.48,-18.48,2.725,1.241,1.241,0.0,373.5,25.1,1.767,0.0,35.0,1,1,280,242,0,0,0,0,1,1,1,0,0,0,3,1,0,6,0,0
1785438422.740,17600,-35.5,-33.51,39.0,51.0,-21.53,10.9,137.7,165.0,-3.0,91.7,31.54,31.54,7.46,2.504,-0.527,-0.527,0.0,340.2,60.0,-0.453,0.0,35.0,1,1,271,165,0,1,0,0,1,1,1,0,0,0,3,1,0,6,0,0
1785438422.810,17660,-32.2,-29.18,55.0,55.0,-10.94,16.58,110.0,165.0,-3.0,83.3,17.09,17.09,37.91,1.999,-2.153,-2.153,0.0,316.8,60.0,-2.153,0.0,35.0,1,1,251,112,0,1,0,0,1,1,1,0,0,0,3,1,0,6,0,0
1785438422.880,17720,-23.5,-20.4,97.0,32.0,22.48,38.98,73.2,165.0,-3.0,72.2,32.7,-32.7,129.7,1.33,-2.988,-2.988,0.0,442.6,60.0,-2.988,0.0,35.0,1,1,226,88,0,1,0,0,1,1,1,0,0,0,3,1,0,6,0,0
1785438422.979,17780,-17.2,-13.21,108.0,37.0,36.11,44.83,37.4,165.0,-3.0,61.3,46.2,-46.2,154.2,0.68,-2.996,-2.996,0.0,368.8,60.0,-2.996,0.0,35.0,1,1,203,87,0,1,0,0,1,1,1,0,0,0,2,1,0,6,0,0
1785438422.979,17840,-10.8,-6.4,113.0,39.0,44.96,46.69,1.6,165.0,-3.0,50.5,52.19,-52.19,165.19,0.03,-2.998,-2.998,0.0,283.4,60.0,-2.998,0.0,35.0,1,1,181,87,0,1,0,0,1,1,1,0,0,0,2,1,0,6,0,0
1785438423.049,17900,-4.8,0.39,113.0,46.0,50.52,45.57,-30.4,165.0,-3.0,40.8,55.02,-55.02,168.02,-0.553,-2.998,-2.998,0.0,197.3,60.0,-2.998,0.0,35.0,1,1,162,87,0,1,0,0,1,1,1,0,0,0,1,1,0,6,0,0
1785438423.156,17960,2.3,8.24,119.0,50.0,62.45,49.28,-54.7,165.0,-3.0,33.4,59.26,-59.26,178.26,-0.995,-2.999,-2.999,0.0,157.8,60.0,-2.999,0.0,35.0,1,1,148,87,0,1,0,0,1,1,1,0,0,0,2,1,0,6,0,0
1785438423.156,18020,7.8,13.74,110.0,54.0,59.63,41.73,-79.4,165.0,-3.0,25.9,58.45,-58.45,168.45,-1.443,-2.998,-2.998,0.0,64.1,60.0,-2.998,0.0,35.0,1,1,134,87,0,1,0,0,1,1,1,0,0,0,2,1,0,6,0,0
1785438423.226,18080,15.9,19.06,99.0,32.0,56.21,33.77,-95.5,165.0,-3.0,21.1,57.32,-57.32,156.32,-1.736,-2.996,-2.996,0.0,-21.3,60.0,-2.996,0.0,36.0,1,1,125,87,0,1,0,0,1,1,1,0,0,0,2,1,0,6,0,0
1785438423.296,18140,20.7,24.14,93.0,37.0,56.73,29.63,-109.9,165.0,-3.0,16.7,57.5,-57.5,150.5,-1.998,-2.995,-2.995,0.0,-49.3,60.0,-2.995,0.0,36.0,1,1,117,87,0,1,0,0,1,1,1,0,0,0,1,1,0,6,0,0
1785438423.394,18200,22.6,25.48,67.0,43.0,42.9,15.84,-120.9,165.0,-3.0,13.4,50.97,-50.97,117.97,-2.198,-2.978,-2.978,0.0,-175.7,60.0,-2.978,0.0,36.0,1,1,111,88,0,1,0,0,1,1,1,0,0,0,3,1,0,6,0,0
1785438423.394,18260,24.7,27.2,51.0,49.0,37.58,9.44,-130.0,165.0,-3.0,10.6,47.34,-47.34,98.34,-2.365,-2.945,-2.945,0.0,-204.4,60.0,-2.945,0.0,36.0,1,1,106,89,0,1,0,0,1,1,1,0,0,0,2,1,0,6,0,0
1785438423.464,18320,27.0,29.44,46.0,53.0,37.9,7.69,-139.2,165.0,-3.0,7.8,47.58,-47.58,93.58,-2.531,-2.931,-2.931,0.0,-165.1,60.0,-2.931,0.0,36.0,1,1,101,89,0,1,0,0,1,1,1,0,0,0,1,1,0,6,0,0
1785438423.535,18380,27.7,31.27,42.0,85.0,38.38,6.47,-142.9,165.0,-3.0,6.7,47.93,-47.93,89.93,-2.598,-2.918,-2.918,0.0,-131.8,60.0,-2.918,0.0,36.0,1,1,99,90,0,1,0,0,1,1,1,0,1,1,1,1,0,7,0,0
1785438423.643,18440,26.7,26.7,8.0,33.0,27.14,0.4,-144.8,165.0,-3.0,6.1,37.94,-37.94,45.94,-2.632,-2.395,-2.395,0.0,-265.9,60.0,-2.395,0.0,36.0,1,1,98,105,0,1,0,0,0,1,0,0,0,0,1,1,0,7,0,0
1785438423.644,18500,22.9,22.9,-20.0,37.0,17.57,-4.85,-142.9,165.0,3.0,93.3,26.48,-26.48,6.48,-2.598,-0.459,-0.459,0.0,-332.8,29.4,-1.228,0.0,36.0,1,1,99,141,0,0,0,0,0,1,0,0,0,0,3,1,0,7,0,0
1785438423.713,18560,20.9,19.71,-29.0,41.0,11.99,-7.02,-124.6,165.0,3.0,87.7,18.65,-18.65,-10.35,-2.265,0.725,0.725,0.0,-278.8,60.0,0.725,0.0,36.0,1,1,109,205,0,1,0,0,1,1,1,0,0,0,1,1,0,7,0,0
1785438423.812,18620,15.5,12.62,-64.0,45.0,-9.31,-19.94,-86.6,165.0,3.0,76.2,14.63,14.63,-78.63,-1.573,2.861,2.861,0.0,-389.6,60.0,2.62,0.0,36.0,1,1,130,276,0,1,0,0,1,1,1,0,0,0,3,1,0,7,0,0
1785438423.812,18680,11.8,8.27,-68.0,52.0,-14.24,-20.46,-49.5,165.0,3.0,65.0,21.89,21.89,-89.89,-0.9,2.918,2.918,0.0,-287.2,60.0,2.918,0.0,36.0,1,1,151,288,0,1,0,0,1,1,1,0,0,0,1,1,0,7,0,0
1785438423.881,18740,3.5,0.75,-89.0,31.0,-32.96,-30.64,-10.1,165.0,3.0,53.1,43.57,43.57,-132.57,-0.184,2.989,2.989,0.0,-299.1,60.0,2.989,0.0,36.0,1,1,174,291,0,1,0,0,1,1,1,0,0,0,1,1,0,7,0,0
1785438423.951,18800,-3.2,-7.15,-104.0,38.0,-50.25,-39.19,27.8,165.0,3.0,41.6,54.9,54.9,-158.9,0.505,2.997,2.997,0.0,-284.0,60.0,2.997,0.0,36.0,1,1,197,292,0,1,0,0,1,1,1,0,0,0,1,1,0,7,0,0
1785438424.050,18860,-10.0,-14.81,-112.0,43.0,-63.1,-43.9,57.9,165.0,3.0,32.5,59.43,59.43,-171.43,1.052,2.998,2.998,0.0,-235.2,60.0,2.998,0.0,36.0,1,1,216,292,0,1,0,0,1,1,1,0,0,0,2,1,0,7,0,0
1785438424.050,18920,-17.7,-23.4,-124.0,46.0,-80.81,-52.19,82.2,165.0,3.0,25.1,62.61,62.61,-186.61,1.494,2.999,2.999,0.0,-221.8,60.0,2.999,0.0,36.0,1,1,232,292,0,1,0,0,1,1,1,0,0,0,3,1,0,7,0,0
1785438424.120,18980,-24.0,-30.23,-120.0,52.0,-83.54,-48.46,98.5,165.0,3.0,20.1,62.91,62.91,-182.91,1.791,2.999,2.999,0.0,-133.4,60.0,2.999,0.0,36.0,1,1,243,292,0,1,0,0,1,1,1,0,0,0,3,1,0,7,0,0
1785438424.225,19040,-30.4,-36.95,-115.0,57.0,-85.57,-44.2,112.8,165.0,3.0,15.8,63.1,63.1,-178.1,2.051,2.999,2.999,0.0,-61.4,60.0,2.999,0.0,36.0,1,1,253,292,0,1,0,0,1,1,1,0,0,0,3,1,0,7,0,0
1785438424.225,19100,-37.2,-40.15,-87.0,34.0,-68.45,-25.72,125.6,165.0,3.0,12.0,60.68,60.68,-147.68,2.283,2.995,2.995,0.0,109.0,60.0,2.995,0.0,36.0,1,1,262,292,0,1,0,0,1,1,1,0,0,0,3,1,0,7,0,0
1785438424.299,19160,-40.3,-43.1,-72.0,39.0,-62.69,-17.81,135.0,165.0,3.0,9.1,59.32,59.32,-131.32,2.455,2.988,2.988,0.0,153.4,60.0,2.988,0.0,36.0,1,1,269,291,0,1,0,0,1,1,1,0,0,0,3,1,0,7,0,0
1785438424.369,19220,-42.6,-45.02,-55.0,44.0,-56.74,-10.66,141.8,165.0,3.0,7.0,57.5,57.5,-112.5,2.578,2.972,2.972,0.0,191.1,60.0,2.972,0.0,36.0,1,1,274,291,0,1,0,0,1,1,1,0,0,0,3,1,0,7,0,0
1785438424.469,19280,-43.6,-45.22,-33.0,49.0,-49.77,-4.14,147.2,165.0,3.0,5.4,54.67,54.67,-87.67,2.676,2.909,2.909,0.0,243.7,60.0,2.909,0.0,36.0,1,1,278,288,0,1,0,0,1,1,1,0,0,0,3,1,0,7,0,0
1785438424.469,19340,-43.4,-43.4,-10.0,54.0,-44.0,-0.55,149.9,165.0,3.0,4.6,51.63,51.63,-61.63,2.725,2.697,2.697,0.0,279.5,60.0,2.697,0.0,36.0,1,1,280,279,0,1,0,0,0,1,0,0,0,0,3,1,0,7,0,0
1785438424.539,19400,-41.4,-41.4,19.0,32.0,-36.26,4.68,147.2,165.0,-3.0,94.6,46.32,46.32,-27.32,2.676,1.716,1.716,0.0,347.2,24.2,1.844,0.0,36.0,1,1,278,245,0,0,0,0,0,1,0,0,0,0,3,1,0,7,0,0
1785438424.606,19460,-37.9,-36.08,48.0,38.0,-20.04,14.58,137.7,165.0,-3.0,91.7,29.69,29.69,18.31,2.504,-1.231,-1.231,0.0,401.5,60.0,0.022,0.0,36.0,1,1,271,181,0,1,0,0,1,1,1,0,0,0,3,1,0,7,0,0
1785438424.711,19520,-33.9,-31.15,64.0,43.0,-8.0,21.05,111.4,165.0,-3.0,83.8,12.64,12.64,51.36,2.025,-2.522,-2.522,0.0,363.4,60.0,-2.522,0.0,36.0,1,1,252,101,0,1,0,0,1,1,1,0,0,0,3,1,0,7,0,0
1785438424.711,19580,-28.1,-24.06,86.0,47.0,11.18,32.04,79.2,165.0,-3.0,74.0,17.45,-17.45,103.45,1.44,-2.957,-2.957,0.0,353.0,60.0,-2.957,0.0,36.0,1,1,230,88,0,1,0,0,1,1,1,0,0,0,3,1,0,7,0,0
1785438424.784,19640,-21.4,-16.2,104.0,50.0,30.18,42.17,42.1,165.0,-3.0,62.8,41.01,-41.01,145.01,0.766,-2.994,-2.994,0.0,324.9,60.0,-2.994,0.0,36.0,1,1,206,87,0,1,0,0,1,1,1,0,0,0,3,1,0,7,0,0
1785438424.883,19700,-15.1,-8.89,111.0,56.0,41.0,45.35,4.9,165.0,-3.0,51.5,49.75,-49.75,160.75,0.089,-2.997,-2.997,0.0,254.1,60.0,-2.997,0.0,36.0,1,1,183,87,0,1,0,0,1,1,1,0,0,0,3,1,0,7,0,0
1785438424.884,19760,-5.1,-0.94,119.0,35.0,54.43,50.34,-25.4,165.0,-3.0,42.3,56.66,-56.66,175.66,-0.461,-2.999,-2.999,0.0,213.1,60.0,-2.999,0.0,36.0,1,1,165,87,0,1,0,0,1,1,1,0,0,0,1,1,0,7,0,0
1785438424.952,19820,1.3,6.05,119.0,40.0,60.26,49.28,-54.7,165.0,-3.0,33.4,58.64,-58.64,177.64,-0.995,-2.999,-2.999,0.0,146.4,60.0,-2.999,0.0,36.0,1,1,148,87,0,1,0,0,1,1,1,0,0,0,2,1,0,7,0,0
1785438425.023,19880,7.9,13.0,116.0,44.0,63.86,46.24,-75.8,165.0,-3.0,27.0,59.63,-59.63,175.63,-1.378,-2.999,-2.999,0.0,76.4,60.0,-2.999,0.0,36.0,1,1,136,87,0,1,0,0,1,1,1,0,0,0,2,1,0,7,0,0
1785438425.121,19940,13.0,18.14,105.0,49.0,59.7,37.78,-93.7,165.0,-3.0,21.6,58.47,-58.47,163.47,-1.704,-2.998,-2.998,0.0,-12.2,60.0,-2.998,0.0,36.0,1,1,126,87,0,1,0,0,1,1,1,0,0,0,2,1,0,7,0,0
1785438425.121,20000,17.2,22.15,90.0,55.0,52.84,27.9,-108.1,165.0,-3.0,17.2,56.02,-56.02,146.02,-1.965,-2.994,-2.994,0.0,-83.2,60.0,-2.994,0.0,36.0,1,1,118,87,0,1,0,0,1,1,1,0,0,0,2,1,0,7,0,0
1785438425.190,20060,23.0,25.36,74.0,32.0,46.34,19.07,-120.9,165.0,-3.0,13.4,52.95,-52.95,126.95,-2.198,-2.986,-2.986,0.0,-147.3,60.0,-2.986,0.0,37.0,1,1,111,88,0,1,0,0,1,1,1,0,0,0,2,1,0,7,0,0
1785438425.291,20120,25.2,27.31,57.0,37.0,40.06,11.59,-130.0,165.0,-3.0,10.6,49.12,-49.12,106.12,-2.365,-2.962,-2.962,0.0,-190.8,60.0,-2.962,0.0,37.0,1,1,106,88,0,1,0,0,1,1,1,0,0,0,1,1,0,7,0,0
1785438425.291,20180,27.5,29.51,49.0,41.0,39.01,8.64,-139.2,165.0,-3.0,7.8,48.39,-48.39,97.39,-2.531,-2.942,-2.942,0.0,-177.4,60.0,-2.942,0.0,37.0,1,1,101,89,0,1,0,0,1,1,1,0,0,0,1,1,0,7,0,0
