pc_time,t,xr,x,v,age,stop,dstop,amodel,abrk,btarget,tslew,venv,vref,ev,beam,fb,us,ua,acc,rate,u,bias,fps,e,ddl,dsl,dss,vas,dbud,dmin,vc,vb,st,ok,cnt,tgt,sat,brk,stuck,set,mv,vv,px,edge,deg,hold,q,guard,gap,inv,crc,drop,esrc
1785441131.257,77672,17.7,20.88,86.0,37.0,73.63,47.95,58.1,293.2,-4.0,372.9,30.74,-30.74,116.74,0.475,-3.969,-3.969,0.0,383.5,100.0,-3.969,0.0,34.0,20.88,1.73,32.92,13.3,88.31,18.98,0.0,30.74,47.98,1,1,196,59,0,1,0,0,1,1,1,0,0,0,2,1,0,213,0,0,0
1785441131.315,77732,23.1,26.74,91.0,40.0,73.79,42.78,-56.4,293.2,-4.0,294.9,37.51,-37.51,128.51,-0.461,-3.982,-3.982,0.0,291.5,100.0,-3.982,0.0,34.0,26.74,1.82,26.84,14.12,91.0,24.31,0.83,37.51,48.68,1,1,165,59,0,1,0,0,1,1,1,0,0,0,3,1,0,213,0,0,0
1785441131.388,77792,30.4,35.21,112.0,43.0,91.73,51.39,-125.5,293.2,-4.0,247.8,45.48,-45.48,157.48,-1.027,-3.996,-3.996,0.0,318.2,100.0,-3.996,0.0,34.0,35.21,2.24,27.75,21.39,112.0,32.01,3.28,45.48,51.85,1,1,147,58,0,1,0,0,1,1,1,0,0,0,3,1,0,213,0,0,0
1785441131.450,77853,36.8,42.27,114.0,48.0,94.17,47.19,-196.3,293.2,-4.0,199.5,48.56,-48.56,162.56,-1.606,-3.997,-3.997,0.0,229.1,100.0,-3.997,0.0,34.0,42.27,2.28,22.74,22.16,114.0,38.42,7.92,50.57,48.56,1,1,129,58,0,1,0,0,1,1,1,0,0,0,2,1,0,213,0,0,1
1785441131.510,77917,41.4,47.1,100.0,57.0,85.18,34.62,-260.5,293.2,-4.0,155.7,40.57,-40.57,140.57,-2.132,-3.99,-3.99,0.0,90.8,100.0,-3.99,0.0,34.0,47.1,2.0,15.57,17.05,100.0,42.81,14.54,53.35,40.57,1,1,113,58,0,1,0,0,1,1,1,0,0,0,1,1,0,213,0,0,1
1785441131.580,77978,45.5,50.6,85.0,60.0,77.73,24.66,-305.3,293.2,-4.0,125.2,33.67,-33.67,118.67,-2.498,-3.972,-3.972,0.0,-14.3,100.0,-3.972,0.0,34.0,50.6,1.7,10.64,12.32,85.0,46.0,20.81,55.06,33.67,1,1,102,59,0,1,0,0,1,1,1,0,0,0,2,1,0,213,0,0,1
1785441131.640,78038,52.7,55.57,82.0,35.0,78.99,21.3,-342.4,293.2,-4.0,99.8,29.22,-29.22,111.22,-2.802,-3.96,-3.96,0.0,-32.6,100.0,-3.96,0.0,34.0,55.57,1.64,8.19,11.47,82.0,50.51,27.24,57.08,29.22,1,1,93,59,0,1,0,0,1,1,1,0,0,0,2,1,0,213,0,0,1
1785441131.708,78098,55.5,57.9,65.0,37.0,73.18,13.89,-367.3,293.2,-4.0,82.9,24.65,-24.65,89.65,-3.006,-3.89,-3.89,0.0,-114.1,100.0,-3.89,0.0,35.0,57.9,1.3,5.39,7.21,65.0,52.64,32.23,57.9,24.65,1,1,87,61,0,1,0,0,1,1,1,0,0,0,2,1,0,213,0,0,1
1785441131.770,78158,58.5,60.82,58.0,40.0,72.61,10.72,-392.1,293.2,-4.0,65.9,20.28,-20.28,78.28,-3.209,-3.812,-3.812,0.0,-118.8,100.0,-3.812,0.0,35.0,60.82,1.16,3.82,5.74,58.0,55.29,37.82,58.8,20.28,1,1,81,64,0,1,0,0,1,1,1,0,0,0,1,1,0,213,0,0,1
1785441131.830,78221,59.0,60.64,35.0,47.0,65.81,4.69,-408.9,293.2,-4.0,54.4,14.96,-14.96,49.96,-3.347,-3.322,-3.322,0.0,-205.2,100.0,-3.322,0.0,35.0,60.64,0.7,1.91,2.09,35.0,55.13,41.96,58.75,14.96,1,1,77,78,0,1,0,0,1,1,1,0,0,0,1,1,0,213,0,0,1
1785441131.919,78281,59.1,60.12,20.0,51.0,62.51,2.17,-408.9,293.2,-4.0,54.4,14.43,-14.43,34.43,-3.347,-2.7,-2.7,0.0,-220.1,100.0,-2.7,0.0,35.0,60.12,0.4,1.09,0.68,20.0,54.65,41.96,58.59,14.43,1,1,77,96,0,1,0,0,1,1,1,0,0,0,1,1,0,213,0,0,1
1785441131.919,78341,55.9,55.2,-13.0,54.0,3.78,-46.74,-383.9,293.2,4.0,595.1,16.98,-16.98,3.98,-3.141,-0.378,-0.378,0.0,-317.0,30.7,-0.378,0.0,35.0,55.2,-0.34,-37.83,-8.58,70.93,50.18,35.89,56.95,16.98,1,1,83,168,0,0,0,0,1,1,1,0,0,0,2,1,0,213,0,0,1
1785441131.978,78401,52.7,50.71,-35.0,57.0,-1.08,-47.07,-305.3,293.2,4.0,541.5,33.79,-33.79,-1.21,-2.498,0.115,0.115,0.0,-322.8,100.0,0.115,0.0,35.0,50.71,-0.76,-37.26,-9.06,72.88,46.1,20.81,55.1,33.79,1,1,102,184,0,1,0,0,1,1,1,0,0,0,2,1,0,213,0,0,1
1785441132.052,78461,50.0,47.57,-42.0,58.0,3.13,-40.4,-240.2,293.2,4.0,497.1,45.79,-45.79,3.79,-1.965,-0.36,-0.36,0.0,-255.0,32.1,-0.36,0.0,35.0,47.57,-0.89,-31.97,-7.54,66.48,43.24,12.16,53.6,45.79,1,1,118,168,0,0,0,0,1,1,1,0,0,0,1,1,0,213,0,0,1
1785441132.111,78524,42.9,40.53,-66.0,36.0,-11.88,-47.65,-172.5,293.2,4.0,450.9,49.44,-49.44,-16.56,-1.411,1.5,1.5,0.0,-288.9,100.0,1.5,0.0,35.0,40.53,-1.35,-35.49,-10.8,79.59,36.84,6.08,49.44,50.92,1,1,135,232,0,1,0,0,1,1,1,0,0,0,1,1,0,213,0,0,0
1785441132.170,78584,36.5,33.4,-84.0,37.0,-21.65,-50.05,-90.7,293.2,4.0,395.1,43.95,-43.95,-40.05,-0.742,2.965,2.965,0.0,-290.5,100.0,2.965,0.0,35.0,33.4,-1.7,-34.96,-13.39,88.61,30.36,1.82,43.95,54.49,1,1,156,290,0,1,0,0,1,1,1,0,0,0,1,1,0,213,0,0,0
1785441132.240,78644,30.5,26.8,-95.0,39.0,-26.28,-48.25,10.9,293.2,4.0,325.9,37.58,-37.58,-57.42,0.089,3.512,3.512,0.0,-262.2,100.0,3.512,0.0,35.0,26.8,-1.9,-30.96,-15.39,95.0,24.36,0.0,37.58,55.34,1,1,183,315,0,1,0,0,1,1,1,0,0,0,1,1,0,213,0,0,0
1785441132.299,78704,23.2,18.58,-110.0,42.0,-38.28,-51.7,104.1,293.2,4.0,262.4,27.82,-27.82,-82.18,0.852,3.843,3.843,0.0,-261.8,100.0,3.843,0.0,35.0,18.58,-2.2,-28.86,-20.64,110.0,16.9,0.0,27.82,46.68,1,1,209,332,0,1,0,0,1,1,1,0,0,0,2,1,0,213,0,0,0
1785441132.364,78764,17.5,12.82,-104.0,45.0,-33.38,-42.01,186.0,293.2,4.0,206.5,19.86,-19.86,-84.14,1.522,3.857,3.857,0.0,-148.5,100.0,3.857,0.0,35.0,12.82,-2.08,-21.48,-18.45,104.0,11.66,0.0,19.86,39.64,1,1,233,333,0,1,0,0,1,1,1,0,0,0,2,1,0,213,0,0,0
1785441132.430,78827,11.5,6.2,-106.0,50.0,-35.89,-38.27,253.9,293.2,4.0,160.2,9.85,-9.85,-96.15,2.077,3.919,3.919,0.0,-113.8,100.0,3.919,0.0,35.0,6.2,-2.12,-16.98,-19.16,106.0,5.64,0.0,9.85,25.26,1,1,254,336,0,1,0,0,1,1,1,0,0,0,2,1,0,213,0,0,0
1785441132.490,78887,6.6,1.72,-94.0,52.0,-29.4,-28.28,312.0,293.2,4.0,120.6,2.74,-2.74,-91.26,2.553,3.898,3.898,0.0,-20.1,100.0,3.898,0.0,35.0,1.72,-1.88,-11.33,-15.07,94.0,1.56,0.0,2.74,9.91,1,1,273,335,0,1,0,0,1,1,1,0,0,0,1,1,0,213,0,0,0
1785441132.577,78947,3.0,-1.13,-78.0,53.0,-22.55,-19.48,347.1,293.2,4.0,96.7,0.0,0.0,-78.0,2.84,3.81,3.81,0.0,61.3,100.0,3.81,0.0,35.0,-1.13,-1.56,-7.54,-10.38,78.0,1.03,28.14,1.81,0.0,1,1,285,330,0,1,0,0,1,1,1,0,0,0,2,1,0,213,0,0,1
1785441132.577,79007,-0.1,-3.63,-63.0,56.0,-17.96,-13.03,372.4,293.2,4.0,79.4,0.0,0.0,-63.0,3.047,3.621,3.621,0.0,117.5,100.0,3.621,0.0,35.0,-3.63,-1.26,-5.0,-6.77,63.0,3.3,33.33,5.78,0.0,1,1,294,320,0,1,0,0,1,1,1,0,0,0,3,1,0,213,0,0,1
1785441132.637,79067,-0.9,-2.41,-29.0,52.0,-6.91,-4.09,383.6,293.2,4.0,71.7,0.0,0.0,-29.0,3.139,2.393,2.393,0.0,259.9,100.0,2.393,0.0,35.0,-2.41,-0.58,-2.08,-1.43,29.0,2.19,35.83,3.85,0.0,1,1,298,266,0,1,0,0,1,1,1,0,0,0,3,1,0,213,0,0,1
1785441132.709,79128,0.3,0.3,2.0,53.0,36.05,32.5,361.1,293.2,-4.0,579.6,0.48,-0.48,2.48,2.955,-0.236,-0.236,0.0,327.8,50.0,-0.236,0.0,35.0,0.3,0.11,27.47,4.92,53.7,0.27,0.0,0.48,2.45,1,1,290,172,0,0,0,0,0,1,0,0,0,0,3,1,0,213,0,0,0
1785441132.769,79188,3.8,6.12,40.0,58.0,54.59,44.06,269.8,293.2,-4.0,517.3,9.72,-9.72,49.72,2.208,-3.314,-3.314,0.0,413.9,100.0,-3.314,0.0,35.0,6.12,0.85,34.8,8.41,70.22,5.56,0.0,9.72,26.02,1,1,259,78,0,1,0,0,1,1,1,0,0,0,3,1,0,213,0,0,0
1785441132.839,79248,8.5,12.46,66.0,60.0,60.35,43.54,142.5,293.2,-4.0,430.5,19.33,-19.33,85.33,1.166,-3.865,-3.865,0.0,411.9,100.0,-3.865,0.0,35.0,12.46,1.35,32.4,9.79,75.78,11.32,0.0,19.33,35.72,1,1,220,62,0,1,0,0,1,1,1,0,0,0,3,1,0,213,0,0,0
1785441132.899,79308,14.7,20.15,88.0,62.0,71.78,46.94,32.7,293.2,-4.0,355.6,29.84,-29.84,117.84,0.267,-3.971,-3.971,0.0,386.2,100.0,-3.971,0.0,35.0,20.15,1.77,31.65,13.51,89.02,18.32,0.0,29.84,44.94,1,1,189,59,0,1,0,0,1,1,1,0,1,0,2,1,0,213,0,0,0
1785441132.962,79368,23.6,26.8,97.0,33.0,77.78,46.34,-60.1,293.2,-4.0,292.3,37.58,-37.58,134.58,-0.492,-3.987,-3.987,0.0,308.2,100.0,-3.987,0.0,35.0,26.8,1.94,28.36,16.05,97.0,24.36,0.92,37.58,48.33,1,1,164,58,0,1,0,0,1,1,1,0,0,0,3,1,0,213,0,0,0
1785441133.032,79431,31.1,35.62,116.0,39.0,94.36,53.4,-133.2,293.2,-4.0,242.5,45.81,-45.81,161.81,-1.09,-3.996,-3.996,0.0,317.9,100.0,-3.996,0.0,35.0,35.62,2.32,28.13,22.95,116.0,32.38,3.67,45.81,51.17,1,1,145,58,0,1,0,0,1,1,1,0,0,0,3,1,0,213,0,0,0
1785441133.093,79491,34.6,42.48,116.0,68.0,95.39,48.1,-200.3,293.2,-4.0,196.8,48.03,-48.03,164.03,-1.639,-3.997,-3.997,0.0,218.4,100.0,-3.997,0.0,35.0,42.48,2.32,22.83,22.95,116.0,38.62,8.26,50.71,48.03,1,1,128,58,0,1,0,0,1,1,1,0,1,0,1,1,0,213,0,0,1
1785441133.153,79552,34.6,49.56,116.0,129.0,97.22,43.33,-260.5,293.2,-4.0,155.7,43.48,-43.48,159.48,-2.132,-3.996,-3.996,0.0,150.0,100.0,-3.996,0.0,35.0,49.56,2.32,18.06,22.95,116.0,45.05,14.54,54.58,43.48,1,1,113,58,0,1,0,0,1,1,1,0,1,1,1,1,0,214,0,0,1
1785441133.243,79613,50.2,53.63,101.0,34.0,88.59,31.78,-309.3,293.2,-4.0,122.4,36.01,-36.01,137.01,-2.531,-3.988,-3.988,0.0,32.5,100.0,-3.988,0.0,35.0,53.63,2.02,12.36,17.4,101.0,48.75,21.46,56.34,36.01,1,1,101,58,0,1,0,0,1,1,1,0,0,0,1,1,0,214,0,0,1
1785441133.243,79673,53.3,55.89,74.0,35.0,75.92,18.21,-342.4,293.2,-4.0,99.8,29.57,-29.57,103.57,-2.802,-3.943,-3.943,0.0,-128.9,100.0,-3.943,0.0,35.0,55.89,1.48,7.39,9.34,74.0,50.81,27.24,57.2,29.57,1,1,93,60,0,1,0,0,1,1,1,0,0,0,2,1,0,214,0,0,1
1785441133.303,79736,56.6,59.26,65.0,41.0,74.54,13.89,-367.3,293.2,-4.0,82.9,26.07,-26.07,91.07,-3.006,-3.897,-3.897,0.0,-132.4,100.0,-3.897,0.0,35.0,59.26,1.3,5.39,7.21,65.0,53.87,32.23,58.33,26.07,1,1,87,61,0,1,0,0,1,1,1,0,0,0,1,1,0,214,0,0,1
1785441133.374,79796,59.3,61.92,57.0,46.0,73.4,10.44,-392.1,293.2,-4.0,65.9,21.4,-21.4,78.4,-3.209,-3.813,-3.813,0.0,-132.8,100.0,-3.813,0.0,35.0,61.92,1.14,3.76,5.54,57.0,56.29,37.82,59.11,21.4,1,1,81,63,0,1,0,0,1,1,1,0,0,0,1,1,0,214,0,0,1
1785441133.434,79856,59.4,61.1,34.0,50.0,66.05,4.5,-408.9,293.2,-4.0,54.4,15.42,-15.42,49.42,-3.347,-3.305,-3.305,0.0,-209.6,100.0,-3.305,0.0,35.0,61.1,0.68,1.85,1.97,34.0,55.54,41.96,58.88,15.42,1,1,77,78,0,1,0,0,1,1,1,0,0,0,2,1,0,214,0,0,1
1785441133.491,79916,59.8,60.91,21.0,53.0,63.53,2.38,-404.7,293.2,-4.0,57.3,16.54,-16.54,37.54,-3.312,-2.853,-2.853,0.0,-207.2,100.0,-2.853,0.0,35.0,60.91,0.42,1.2,0.75,21.0,55.37,40.89,58.83,16.54,1,1,78,91,0,1,0,0,1,1,1,0,0,0,1,1,0,214,0,0,1
1785441133.564,79976,56.8,56.02,-14.0,56.0,3.65,-47.6,-383.9,293.2,4.0,595.1,17.83,-17.83,3.83,-3.141,-0.364,-0.364,0.0,-318.5,30.6,-1.167,0.0,35.0,56.02,-0.36,-38.42,-8.82,71.93,50.92,35.89,57.25,17.83,1,1,83,143,0,0,0,0,1,1,1,0,0,0,2,1,0,214,0,0,1
1785441133.626,80039,52.5,51.18,-39.0,34.0,-7.17,-53.04,-317.5,293.2,4.0,549.8,31.13,-31.13,-7.87,-2.598,0.741,0.741,0.0,-346.7,100.0,0.741,0.0,35.0,51.18,-0.84,-41.36,-10.84,79.73,46.52,22.81,55.31,31.13,1,1,99,205,0,1,0,0,1,1,1,0,0,0,2,1,0,214,0,0,1
1785441133.694,80099,47.7,45.33,-66.0,36.0,-20.71,-60.04,-244.3,293.2,4.0,499.9,42.18,-42.18,-23.82,-1.998,2.053,2.053,0.0,-394.2,100.0,1.998,0.0,33.0,45.33,-1.37,-44.47,-14.19,91.23,41.21,12.62,52.4,42.18,1,1,117,251,0,1,0,0,1,1,1,0,0,0,3,1,0,214,0,0,1
1785441133.754,80159,43.5,40.77,-70.0,39.0,-14.94,-50.64,-172.5,293.2,4.0,450.9,49.6,-49.6,-20.4,-1.411,1.803,1.803,0.0,-292.2,100.0,1.803,0.0,33.0,40.77,-1.43,-37.29,-11.92,83.59,37.07,6.08,49.6,51.25,1,1,135,243,0,1,0,0,1,1,1,0,0,0,1,1,0,214,0,0,0
1785441133.813,80220,37.7,34.05,-87.0,42.0,-22.39,-51.31,-82.9,293.2,4.0,389.8,44.51,-44.51,-42.49,-0.678,3.066,3.066,0.0,-295.6,100.0,3.066,0.0,33.0,34.05,-1.76,-35.43,-14.12,91.0,30.95,1.56,44.51,56.54,1,1,158,295,0,1,0,0,1,1,1,0,0,0,2,1,0,214,0,0,0
1785441133.905,80280,32.1,27.92,-93.0,45.0,-23.69,-46.92,10.9,293.2,4.0,325.9,38.75,-38.75,-54.25,0.089,3.438,3.438,0.0,-234.4,100.0,3.438,0.0,33.0,27.92,-1.86,-30.31,-14.75,93.0,25.38,0.0,38.75,57.23,1,1,183,312,0,1,0,0,1,1,1,0,0,0,3,1,0,214,0,0,0
1785441133.905,80343,26.6,21.85,-95.0,50.0,-24.34,-41.99,107.6,293.2,4.0,260.0,31.94,-31.94,-63.06,0.88,3.622,3.622,0.0,-168.9,100.0,3.622,0.0,33.0,21.85,-1.9,-24.7,-15.39,95.0,19.87,0.0,31.94,53.51,1,1,210,320,0,1,0,0,1,1,1,0,0,0,1,1,0,214,0,0,0
1785441133.964,80403,22.7,15.13,-101.0,75.0,-28.42,-39.59,196.0,293.2,4.0,199.7,23.15,-23.15,-77.85,1.604,3.808,3.808,0.0,-147.2,100.0,3.808,0.0,33.0,15.13,-2.02,-20.17,-17.4,101.0,13.75,0.0,23.15,46.1,1,1,236,330,0,1,0,0,1,1,1,0,1,0,2,1,0,214,0,0,0
1785441134.022,80463,14.6,8.69,-102.0,58.0,-31.54,-36.57,247.6,293.2,4.0,164.6,13.69,-13.69,-88.31,2.025,3.882,3.882,0.0,-101.4,100.0,3.882,0.0,33.0,8.69,-2.04,-16.78,-17.74,102.0,7.9,0.0,13.69,32.84,1,1,252,334,0,1,0,0,1,1,1,0,0,0,3,1,0,214,0,0,0
1785441134.092,80523,8.0,5.26,-83.0,33.0,-21.24,-24.1,300.0,293.2,4.0,128.8,8.38,-8.38,-74.62,2.455,3.777,3.777,0.0,32.1,100.0,3.777,0.0,33.0,5.26,-1.66,-10.69,-11.75,83.0,4.79,0.0,8.38,25.0,1,1,269,328,0,1,0,0,1,1,1,0,0,0,3,1,0,214,0,0,0
1785441134.153,80583,5.0,2.89,-64.0,33.0,-13.28,-14.7,341.5,293.2,4.0,100.5,4.62,-4.62,-59.38,2.794,3.553,3.553,0.0,127.6,100.0,3.553,0.0,33.0,2.89,-1.28,-6.43,-6.99,64.0,2.63,0.0,4.62,17.48,1,1,283,317,0,1,0,0,1,1,1,0,0,0,3,1,0,214,0,0,0
1785441134.225,80644,2.8,1.07,-48.0,36.0,-8.9,-9.07,361.1,293.2,4.0,87.1,1.72,-1.72,-46.28,2.955,3.205,3.205,0.0,176.9,100.0,3.205,0.0,33.0,1.07,-0.96,-4.18,-3.93,48.0,0.98,0.0,1.72,8.08,1,1,290,301,0,1,0,0,1,1,1,0,0,0,3,1,0,214,0,0,0
1785441134.282,80704,2.4,1.54,-22.0,39.0,-1.77,-3.01,372.4,293.2,4.0,79.4,2.47,-2.47,-19.53,3.047,1.737,1.737,0.0,267.5,100.0,1.737,0.0,33.0,1.54,-0.44,-1.75,-0.83,22.0,1.4,0.0,2.47,11.75,1,1,294,241,0,1,0,0,1,1,1,0,0,0,3,1,0,214,0,0,0
1785441134.351,80764,4.1,4.1,10.0,41.0,43.53,35.84,347.1,293.2,-4.0,570.0,6.54,-6.54,16.54,2.84,-1.498,-1.498,0.0,361.6,100.0,-1.498,0.0,33.0,4.1,0.27,29.83,5.74,58.02,3.73,0.0,6.54,23.72,1,1,285,132,0,1,0,0,0,1,0,0,0,0,3,1,0,214,0,0,0
1785441134.414,80824,7.4,9.08,39.0,43.0,54.19,41.01,257.1,293.2,-4.0,508.6,14.28,-14.28,53.28,2.103,-3.414,-3.414,0.0,400.8,100.0,-3.414,0.0,33.0,9.08,0.83,32.6,7.58,66.68,8.25,0.0,14.28,34.76,1,1,255,75,0,1,0,0,1,1,1,0,0,0,3,1,0,214,0,0,0
1785441134.503,80884,11.8,14.76,63.0,47.0,60.33,41.43,142.5,293.2,-4.0,430.5,22.63,-22.63,85.63,1.166,-3.867,-3.867,0.0,400.9,100.0,-3.867,0.0,33.0,14.76,1.29,31.11,9.03,72.78,13.42,0.0,22.63,41.12,1,1,220,62,0,1,0,0,1,1,1,0,0,0,3,1,0,214,0,0,0
1785441134.503,80946,16.4,20.36,72.0,55.0,61.77,37.65,47.2,293.2,-4.0,365.5,30.09,-30.09,102.09,0.386,-3.939,-3.939,0.0,322.1,100.0,-3.939,0.0,33.0,20.36,1.45,26.93,9.26,73.7,18.51,0.0,30.09,46.26,1,1,193,60,0,1,0,0,1,1,1,0,0,0,3,1,0,214,0,0,0
1785441134.562,81006,22.4,27.94,94.0,59.0,76.55,44.19,-63.9,293.2,-4.0,289.8,38.78,-38.78,132.78,-0.523,-3.986,-3.986,0.0,328.7,100.0,-3.986,0.0,33.0,27.94,1.88,27.24,15.07,94.0,25.4,1.01,38.78,49.7,1,1,163,59,0,1,0,0,1,1,1,0,0,0,3,1,0,214,0,0,0
1785441134.622,81066,31.0,34.23,98.0,33.0,80.54,42.1,-133.2,293.2,-4.0,242.5,44.67,-44.67,142.67,-1.09,-3.991,-3.991,0.0,243.2,100.0,-3.991,0.0,33.0,34.23,1.96,23.77,16.38,98.0,31.12,3.67,44.67,49.21,1,1,145,58,0,1,0,0,1,1,1,0,0,0,3,1,0,214,0,0,0
1785441134.692,81126,36.9,40.71,103.0,37.0,85.17,40.42,-200.3,293.2,-4.0,196.8,45.76,-45.76,148.76,-1.639,-3.993,-3.993,0.0,193.7,100.0,-3.993,0.0,34.9,40.71,2.06,20.27,18.09,103.0,37.01,8.26,49.56,45.76,1,1,128,58,0,1,0,0,1,1,1,0,0,0,2,1,0,214,0,0,1
1785441134.755,81186,41.9,45.93,96.0,42.0,82.06,32.85,-256.5,293.2,-4.0,158.5,40.12,-40.12,136.12,-2.098,-3.988,-3.988,0.0,96.0,100.0,-3.988,0.0,34.9,45.93,1.92,15.21,15.72,96.0,41.75,14.04,52.73,40.12,1,1,114,58,0,1,0,0,1,1,1,0,0,0,1,1,0,214,0,0,1
1785441134.825,81250,46.6,51.15,91.0,50.0,80.94,27.08,-309.3,293.2,-4.0,122.4,33.24,-33.24,124.24,-2.531,-3.978,-3.978,0.0,39.2,100.0,-3.978,0.0,34.9,51.15,1.82,11.14,14.12,91.0,46.5,21.46,55.3,33.24,1,1,101,59,0,1,0,0,1,1,1,0,0,0,3,1,0,214,0,0,1
1785441134.884,81310,51.5,56.11,87.0,53.0,81.78,23.34,-342.4,293.2,-4.0,99.8,29.81,-29.81,116.81,-2.802,-3.969,-3.969,0.0,6.1,100.0,-3.969,0.0,34.9,56.11,1.74,8.69,12.91,87.0,51.01,27.24,57.28,29.81,1,1,93,59,0,1,0,0,1,1,1,0,0,0,1,1,0,214,0,0,1
1785441134.944,81370,53.7,57.23,63.0,56.0,71.8,13.25,-367.3,293.2,-4.0,82.9,23.94,-23.94,86.94,-3.006,-3.875,-3.875,0.0,-114.2,100.0,-3.875,0.0,34.9,57.23,1.26,5.22,6.77,63.0,52.02,32.23,57.67,23.94,1,1,87,62,0,1,0,0,1,1,1,0,0,0,3,1,0,214,0,0,1
1785441135.013,81430,56.0,57.15,36.0,32.0,62.98,5.3,-392.1,293.2,-4.0,65.9,16.54,-16.54,52.54,-3.209,-3.394,-3.394,0.0,-220.1,100.0,-3.394,0.0,34.9,57.15,0.72,2.37,2.21,36.0,51.95,37.82,57.64,16.54,1,1,81,76,0,1,0,0,1,1,1,0,0,0,2,1,0,214,0,0,1
1785441135.076,81490,56.4,57.06,19.0,35.0,59.42,2.14,-400.5,293.2,-4.0,60.2,13.92,-13.92,32.92,-3.278,-2.62,-2.62,0.0,-245.7,100.0,-2.62,0.0,34.9,57.06,0.38,1.14,0.62,19.0,51.88,39.85,57.61,13.92,1,1,79,98,0,1,0,0,1,1,1,0,0,0,2,1,0,214,0,0,1
1785441135.164,81553,55.4,55.4,-1.0,42.0,16.07,-35.76,-379.7,293.2,4.0,592.3,18.41,-18.41,17.41,-3.107,-1.569,-1.569,0.0,-272.1,30.7,-1.569,0.0,34.9,55.4,-0.1,-29.97,-5.69,57.77,50.36,34.95,57.02,18.41,1,1,84,130,0,0,0,0,0,1,0,0,0,0,3,1,0,214,0,0,1
1785441135.164,81613,53.1,52.16,-23.0,41.0,2.31,-45.31,-342.4,293.2,4.0,566.8,25.54,-25.54,2.54,-2.802,-0.241,-0.241,0.0,-299.4,31.2,-0.241,0.0,34.9,52.16,-0.53,-36.47,-8.32,69.83,47.42,27.24,55.74,25.54,1,1,93,172,0,0,0,0,1,1,1,0,0,0,2,1,0,214,0,0,1
1785441135.224,81673,51.0,49.67,-31.0,43.0,5.76,-39.92,-284.9,293.2,4.0,527.6,37.72,-37.72,6.72,-2.331,-0.635,-0.635,0.0,-244.9,31.7,-0.635,0.0,34.9,49.67,-0.68,-32.17,-7.07,64.38,45.15,17.77,54.63,37.72,1,1,107,159,0,0,0,0,1,1,1,0,0,0,1,1,0,214,0,0,1
1785441135.284,81733,46.9,44.61,-51.0,45.0,-6.56,-46.51,-236.1,293.2,4.0,494.3,43.11,-43.11,-7.89,-1.932,0.743,0.743,0.0,-274.2,100.0,0.743,0.0,34.9,44.61,-1.07,-35.92,-9.52,74.73,40.55,11.72,51.99,43.11,1,1,119,205,0,1,0,0,1,1,1,0,0,0,3,1,0,214,0,0,1
1785441135.357,81793,42.3,39.06,-69.0,47.0,-17.16,-51.11,-180.4,293.2,4.0,456.3,47.49,-47.49,-21.51,-1.476,1.886,1.886,0.0,-290.1,100.0,1.886,0.0,34.9,39.06,-1.42,-37.74,-11.95,83.7,35.51,6.66,48.42,47.49,1,1,133,247,0,1,0,0,1,1,1,0,0,0,2,1,0,214,0,0,1
1785441135.419,81857,36.6,31.98,-84.0,55.0,-23.07,-50.05,-90.7,293.2,4.0,395.1,42.7,-42.7,-41.3,-0.742,3.018,3.018,0.0,-267.3,100.0,3.018,0.0,34.9,31.98,-1.7,-34.96,-13.39,88.61,29.08,1.82,42.7,52.39,1,1,156,293,0,1,0,0,1,1,1,0,0,0,1,1,0,214,0,0,0
1785441135.476,81917,31.1,25.68,-92.0,59.0,-24.96,-46.03,14.5,293.2,4.0,323.4,36.36,-36.36,-55.64,0.119,3.472,3.472,0.0,-222.7,100.0,3.472,0.0,34.9,25.68,-1.84,-29.76,-14.44,92.0,23.34,0.0,36.36,53.67,1,1,184,313,0,1,0,0,1,1,1,0,0,0,3,1,0,214,0,0,0
1785441135.546,81977,22.3,18.73,-102.0,35.0,-31.93,-46.06,111.1,293.2,4.0,257.6,28.02,-28.02,-73.98,0.909,3.771,3.771,0.0,-210.5,100.0,3.771,0.0,34.9,18.73,-2.04,-26.28,-17.74,102.0,17.03,0.0,28.02,47.49,1,1,211,328,0,1,0,0,1,1,1,0,0,0,2,1,0,215,0,0,0
1785441135.605,82037,16.1,12.22,-105.0,37.0,-34.36,-42.35,189.3,293.2,4.0,204.3,18.98,-18.98,-86.02,1.549,3.869,3.869,0.0,-160.9,100.0,3.869,0.0,34.9,12.22,-2.1,-21.45,-18.8,105.0,11.11,0.0,18.98,38.35,1,1,234,333,0,1,0,0,1,1,1,0,0,0,3,1,0,215,0,0,0
1785441135.667,82097,11.4,7.89,-90.0,39.0,-25.36,-30.23,250.7,293.2,4.0,162.4,12.47,-12.47,-77.53,2.051,3.805,3.805,0.0,-25.7,100.0,3.805,0.0,35.0,7.89,-1.8,-14.61,-13.81,90.0,7.18,0.0,12.47,30.6,1,1,253,330,0,1,0,0,1,1,1,0,0,0,2,1,0,215,0,0,0
1785441135.734,82160,6.6,3.03,-85.0,42.0,-24.24,-24.79,303.0,293.2,4.0,126.7,4.85,-4.85,-80.15,2.479,3.828,3.828,0.0,10.4,100.0,3.828,0.0,35.0,3.03,-1.7,-10.77,-12.32,85.0,2.76,0.0,4.85,15.87,1,1,270,331,0,1,0,0,1,1,1,0,0,0,1,1,0,215,0,0,0
1785441135.823,82220,3.1,0.09,-70.0,43.0,-18.23,-16.66,344.3,293.2,4.0,98.6,0.15,-0.15,-69.85,2.817,3.723,3.723,0.0,87.6,100.0,3.723,0.0,35.0,0.09,-1.4,-6.9,-8.36,70.0,0.08,0.0,0.15,0.71,1,1,284,326,0,1,0,0,1,1,1,0,0,0,3,1,0,215,0,0,0
1785441135.823,82280,0.7,-1.59,-51.0,45.0,-12.16,-9.6,369.6,293.2,4.0,81.3,0.0,0.0,-51.0,3.024,3.352,3.352,0.0,165.4,100.0,3.352,0.0,35.0,-1.59,-1.02,-4.15,-4.44,51.0,1.45,32.72,2.55,0.0,1,1,293,308,0,1,0,0,1,1,1,0,0,0,3,1,0,215,0,0,1
1785441135.884,82340,0.5,-0.56,-22.0,48.0,-3.87,-3.01,372.4,293.2,4.0,79.4,0.0,0.0,-22.0,3.047,1.923,1.923,0.0,264.7,100.0,1.923,0.0,35.0,-0.56,-0.44,-1.75,-0.83,22.0,0.5,33.33,0.89,0.0,1,1,294,248,0,1,0,0,1,1,1,0,0,0,3,1,0,215,0,0,1
1785441135.946,82400,2.3,2.94,12.0,53.0,41.55,35.1,335.8,293.2,-4.0,562.3,4.69,-4.69,16.69,2.748,-1.511,-1.511,0.0,351.0,100.0,-1.511,0.0,35.0,2.94,0.31,29.22,5.58,57.18,2.67,0.0,4.69,17.34,1,1,281,132,0,1,0,0,1,1,1,0,0,0,3,1,0,215,0,0,0
1785441136.016,82462,6.6,9.39,49.0,57.0,62.36,48.15,253.9,293.2,-4.0,506.5,14.76,-14.76,63.76,2.077,-3.634,-3.634,0.0,396.8,100.0,-3.634,0.0,35.0,9.39,1.03,37.25,9.87,76.06,8.54,0.0,14.76,35.47,1,1,254,69,0,1,0,0,1,1,1,0,0,0,3,1,0,215,0,0,0
1785441136.077,82522,14.0,16.52,79.0,32.0,70.78,49.32,114.6,293.2,-4.0,411.4,25.07,-25.07,104.07,0.937,-3.944,-3.944,0.0,429.2,100.0,-3.944,0.0,35.0,16.52,1.6,35.17,12.55,85.77,15.02,0.0,25.07,43.08,1,1,212,60,0,1,0,0,1,1,1,0,0,0,2,1,0,215,0,0,0
1785441136.146,82582,20.0,23.16,93.0,34.0,76.16,48.18,7.3,293.2,-4.0,338.3,33.5,-33.5,126.5,0.059,-3.981,-3.981,0.0,371.7,100.0,-3.981,0.0,35.0,23.16,1.86,31.52,14.8,93.16,21.05,0.0,33.5,48.78,1,1,182,59,0,1,0,0,1,1,1,0,0,0,2,1,0,215,0,0,0
1785441136.206,82642,26.2,29.97,102.0,37.0,82.49,47.75,-86.8,293.2,-4.0,274.2,40.8,-40.8,142.8,-0.71,-3.991,-3.991,0.0,306.2,100.0,-3.991,0.0,35.0,29.97,2.04,27.97,17.74,102.0,27.24,1.69,40.8,49.89,1,1,157,58,0,1,0,0,1,1,1,0,0,0,1,1,0,215,0,0,0
1785441136.270,82702,32.8,37.09,110.0,39.0,90.27,48.35,-148.7,293.2,-4.0,231.9,46.96,-46.96,156.96,-1.217,-3.995,-3.995,0.0,254.6,100.0,-3.995,0.0,35.0,37.09,2.2,25.51,20.64,110.0,33.71,4.53,46.96,50.58,1,1,141,58,0,1,0,0,1,1,1,0,0,0,1,1,0,215,0,0,0
1785441136.341,82766,39.1,43.96,108.0,45.0,89.98,41.84,-220.2,293.2,-4.0,183.2,45.77,-45.77,153.77,-1.801,-3.995,-3.995,0.0,155.3,100.0,-3.995,0.0,35.0,43.96,2.16,19.79,19.89,108.0,39.96,10.08,51.61,45.77,1,1,123,58,0,1,0,0,1,1,1,0,0,0,3,1,0,215,0,0,1
1785441136.401,82827,44.5,49.6,102.0,50.0,88.2,35.1,-268.7,293.2,-4.0,150.2,41.59,-41.59,143.59,-2.198,-3.991,-3.991,0.0,75.3,100.0,-3.991,0.0,35.0,49.6,2.04,15.32,17.74,102.0,45.09,15.57,54.59,41.59,1,1,111,58,0,1,0,0,1,1,1,0,0,0,2,1,0,215,0,0,1
1785441136.490,82888,50.4,55.96,103.0,54.0,91.68,32.48,-313.4,293.2,-4.0,119.7,37.51,-37.51,140.51,-2.564,-3.99,-3.99,0.0,56.3,100.0,-3.99,0.0,35.0,55.96,2.06,12.32,18.09,103.0,50.87,22.12,57.22,37.51,1,1,100,58,0,1,0,0,1,1,1,0,0,0,1,1,0,215,0,0,1
1785441136.490,82949,54.2,58.79,82.0,56.0,81.96,21.06,-346.5,293.2,-4.0,97.0,31.5,-31.5,113.5,-2.836,-3.964,-3.964,0.0,-63.0,100.0,-3.964,0.0,35.0,58.79,1.64,7.96,11.47,82.0,53.44,28.03,58.18,31.5,1,1,92,59,0,1,0,0,1,1,1,0,0,0,3,1,0,215,0,0,1
1785441136.552,83009,58.1,62.39,74.0,58.0,80.58,16.53,-375.6,293.2,-4.0,77.2,26.85,-26.85,100.85,-3.073,-3.935,-3.935,0.0,-83.6,100.0,-3.935,0.0,35.0,62.39,1.48,5.71,9.34,74.0,56.72,34.03,59.24,26.85,1,1,85,60,0,1,0,0,1,1,1,0,0,0,1,1,0,215,0,0,1
1785441136.612,83072,60.1,61.35,38.0,33.0,67.41,5.51,-400.5,293.2,-4.0,60.2,18.27,-18.27,56.27,-3.278,-3.487,-3.487,0.0,-246.5,100.0,-3.487,0.0,35.0,61.35,0.76,2.29,2.46,38.0,55.77,39.85,58.95,18.27,1,1,79,73,0,1,0,0,1,1,1,0,0,0,3,1,0,215,0,0,1
1785441136.681,83132,60.2,60.78,16.0,36.0,62.51,1.58,-413.1,293.2,-4.0,51.6,13.78,-13.78,29.78,-3.381,-2.44,-2.44,0.0,-291.1,100.0,-2.44,0.0,34.0,60.78,0.32,0.82,0.44,16.0,55.25,43.05,58.79,13.78,1,1,76,104,0,1,0,0,1,1,1,0,0,0,3,1,0,215,0,0,1
1785441136.741,83192,59.5,59.5,-1.0,38.0,18.06,-37.67,-388.0,293.2,4.0,597.9,20.19,-20.19,19.19,-3.175,-1.71,-1.71,0.0,-292.4,30.1,-1.71,0.0,34.0,59.5,-0.1,-31.41,-6.16,60.11,54.09,36.85,58.41,20.19,1,1,82,126,0,0,0,0,0,1,0,0,0,0,2,1,0,215,0,0,1
1785441136.811,83252,58.3,58.3,-12.0,39.0,14.28,-40.02,-359.0,293.2,4.0,578.1,27.46,-27.46,15.46,-2.938,-1.409,-1.409,0.0,-262.8,30.2,-1.409,0.0,34.0,58.3,-0.31,-32.91,-6.8,63.13,53.0,30.5,58.03,27.46,1,1,89,135,0,0,0,0,0,1,0,0,0,0,1,1,0,215,0,0,1
1785441136.874,83312,53.1,51.18,-47.0,41.0,-10.57,-56.13,-301.2,293.2,4.0,538.7,35.36,-35.36,-11.64,-2.464,1.081,1.081,0.0,-341.4,100.0,1.081,0.0,34.0,51.18,-1.0,-43.11,-12.02,83.95,46.52,20.18,55.31,35.36,1,1,103,217,0,1,0,0,1,1,1,0,0,0,3,1,0,215,0,0,1
1785441136.934,83376,50.1,47.7,-50.0,48.0,1.01,-42.45,-216.2,293.2,4.0,480.7,51.23,-51.23,1.23,-1.769,-0.117,-0.117,0.0,-250.9,32.1,-0.117,0.0,34.0,47.7,-1.04,-32.99,-8.42,70.26,43.37,9.7,53.67,51.23,1,1,124,176,0,0,0,0,1,1,1,0,0,0,1,1,0,215,0,0,1
1785441137.005,83436,44.6,40.98,-71.0,51.0,-12.98,-49.06,-156.6,293.2,4.0,440.1,49.74,-49.74,-21.26,-1.281,1.868,1.868,0.0,-269.8,100.0,1.868,0.0,34.0,40.98,-1.45,-36.0,-11.6,82.49,37.26,5.01,49.74,54.45,1,1,139,246,0,1,0,0,1,1,1,0,0,0,1,1,0,215,0,0,0
1785441137.063,83496,38.5,33.73,-90.0,53.0,-23.21,-51.77,-67.6,293.2,4.0,379.4,44.24,-44.24,-45.76,-0.553,3.187,3.187,0.0,-284.0,100.0,3.187,0.0,34.0,33.73,-1.81,-35.23,-14.72,92.91,30.67,1.11,44.24,58.13,1,1,162,300,0,1,0,0,1,1,1,0,0,0,2,1,0,216,0,0,0
1785441137.122,83556,33.5,28.46,-90.0,56.0,-19.26,-43.39,36.3,293.2,4.0,308.6,39.31,-39.31,-50.69,0.297,3.343,3.343,0.0,-195.7,100.0,3.343,0.0,34.0,28.46,-1.8,-27.77,-13.81,90.0,25.88,0.0,39.31,60.04,1,1,190,307,0,1,0,0,1,1,1,0,0,0,1,1,0,216,0,0,0
1785441137.213,83616,27.3,21.98,-95.0,56.0,-22.46,-40.41,132.1,293.2,4.0,243.3,32.1,-32.1,-62.9,1.08,3.619,3.619,0.0,-155.5,100.0,3.619,0.0,34.0,21.98,-1.9,-23.12,-15.39,95.0,19.99,0.0,32.1,55.76,1,1,217,320,0,1,0,0,1,1,1,0,0,0,1,1,0,216,0,0,0
1785441137.213,83679,17.6,14.1,-103.0,34.0,-30.69,-40.72,196.0,293.2,4.0,199.7,21.7,-21.7,-81.3,1.604,3.837,3.837,0.0,-146.3,100.0,3.837,0.0,34.0,14.1,-2.06,-20.57,-18.09,103.0,12.82,0.0,21.7,43.6,1,1,236,332,0,1,0,0,1,1,1,0,0,0,2,1,0,216,0,0,0
1785441137.272,83739,12.7,9.43,-91.0,36.0,-23.71,-30.13,260.3,293.2,4.0,155.9,14.82,-14.82,-76.18,2.129,3.793,3.793,0.0,-31.3,100.0,3.793,0.0,34.0,9.43,-1.82,-14.18,-14.12,91.0,8.57,0.0,14.82,36.1,1,1,256,329,0,1,0,0,1,1,1,0,0,0,2,1,0,216,0,0,0
1785441137.342,83799,7.5,4.12,-89.0,38.0,-24.5,-26.02,312.0,293.2,4.0,120.6,6.57,-6.57,-82.43,2.553,3.845,3.845,0.0,-3.5,100.0,3.845,0.0,34.0,4.12,-1.78,-10.73,-13.51,89.0,3.75,0.0,6.57,21.2,1,1,273,332,0,1,0,0,1,1,1,0,0,0,3,1,0,216,0,0,0
1785441137.401,83859,4.2,1.37,-69.0,41.0,-16.41,-16.17,347.1,293.2,4.0,96.7,2.2,-2.2,-66.8,2.84,3.681,3.681,0.0,109.7,100.0,3.681,0.0,34.0,1.37,-1.38,-6.67,-8.12,69.0,1.25,0.0,2.2,9.41,1,1,285,324,0,1,0,0,1,1,1,0,0,0,3,1,0,216,0,0,0
1785441137.460,83919,1.7,-0.66,-55.0,43.0,-12.35,-10.63,372.4,293.2,4.0,79.4,0.0,0.0,-55.0,3.047,3.457,3.457,0.0,147.3,100.0,3.457,0.0,34.0,-0.66,-1.1,-4.37,-5.16,55.0,0.6,33.33,1.06,0.0,1,1,294,313,0,1,0,0,1,1,1,0,0,0,3,1,0,216,0,0,1
1785441137.531,83980,0.9,-0.49,-29.0,48.0,-5.18,-4.26,375.2,293.2,4.0,77.5,0.0,0.0,-29.0,3.07,2.393,2.393,0.0,238.5,100.0,2.393,0.0,34.0,-0.49,-0.58,-2.25,-1.43,29.0,0.45,33.94,0.79,0.0,1,1,295,266,0,1,0,0,1,1,1,0,0,0,3,1,0,216,0,0,1
1785441137.592,84040,3.1,3.1,12.0,50.0,42.97,36.25,341.5,293.2,-4.0,566.2,4.95,-4.95,16.95,2.794,-1.532,-1.532,0.0,375.1,100.0,-1.532,0.0,34.0,3.1,0.31,30.09,5.85,58.59,2.82,0.0,4.95,18.53,1,1,283,131,0,1,0,0,0,1,0,0,0,0,3,1,0,216,0,0,0
1785441137.663,84100,7.2,9.64,47.0,52.0,59.63,45.44,247.6,293.2,-4.0,502.1,15.14,-15.14,62.14,2.025,-3.606,-3.606,0.0,427.1,100.0,-3.606,0.0,35.0,9.64,0.99,35.4,9.05,72.85,8.77,0.0,15.14,35.71,1,1,252,70,0,1,0,0,1,1,1,0,0,0,3,1,0,216,0,0,0
1785441137.721,84160,12.2,16.41,74.0,57.0,68.63,47.47,128.6,293.2,-4.0,421.0,24.92,-24.92,98.92,1.052,-3.929,-3.929,0.0,428.0,100.0,-3.929,0.0,35.0,16.41,1.51,34.44,11.52,82.2,14.92,0.0,24.92,43.83,1,1,216,60,0,1,0,0,1,1,1,0,0,0,2,1,0,216,0,0,0
1785441137.815,84220,16.5,20.8,73.0,59.0,61.95,37.41,36.3,293.2,-4.0,358.1,30.65,-30.65,103.65,0.297,-3.943,-3.943,0.0,285.8,100.0,-3.943,0.0,35.0,20.8,1.47,26.56,9.38,74.18,18.91,0.0,30.65,46.39,1,1,190,60,0,1,0,0,1,1,1,0,0,0,3,1,0,216,0,0,0
1785441137.815,84283,25.9,29.43,101.0,35.0,82.7,48.43,-67.6,293.2,-4.0,287.2,40.28,-40.28,141.28,-0.553,-3.99,-3.99,0.0,342.4,100.0,-3.99,0.0,35.0,29.43,2.02,29.01,17.4,101.0,26.75,1.11,40.28,51.57,1,1,162,58,0,1,0,0,1,1,1,0,0,0,1,1,0,216,0,0,0
1785441137.874,84343,32.8,37.01,111.0,38.0,91.21,49.27,-144.9,293.2,-4.0,234.6,46.91,-46.91,157.91,-1.185,-3.996,-3.996,0.0,289.9,100.0,-3.996,0.0,35.0,37.01,2.22,26.04,21.01,111.0,33.65,4.31,46.91,51.15,1,1,142,58,0,1,0,0,1,1,1,0,0,0,1,1,0,216,0,0,0
1785441137.934,84404,38.7,43.08,107.0,41.0,89.12,41.85,-212.2,293.2,-4.0,188.7,46.35,-46.35,153.35,-1.736,-3.995,-3.995,0.0,174.3,100.0,-3.995,0.0,35.0,43.08,2.14,20.19,19.53,107.0,39.17,9.32,51.08,46.35,1,1,125,58,0,1,0,0,1,1,1,0,0,0,3,1,0,216,0,0,1
1785441138.005,84465,44.6,49.32,105.0,45.0,89.98,36.96,-264.6,293.2,-4.0,152.9,42.24,-42.24,147.24,-2.165,-3.993,-3.993,0.0,105.4,100.0,-3.993,0.0,35.0,49.32,2.1,16.06,18.8,105.0,44.84,15.05,54.46,42.24,1,1,112,58,0,1,0,0,1,1,1,0,0,0,2,1,0,216,0,0,1
1785441138.068,84525,47.5,55.04,102.0,74.0,90.54,32.27,-309.3,293.2,-4.0,122.4,37.57,-37.57,139.57,-2.531,-3.99,-3.99,0.0,56.8,100.0,-3.99,0.0,35.0,55.04,2.04,12.49,17.74,102.0,50.04,21.46,56.89,37.57,1,1,101,58,0,1,0,0,1,1,1,0,1,0,2,1,0,216,0,0,1
1785441138.137,84589,53.9,59.32,89.0,61.0,85.64,23.92,-346.5,293.2,-4.0,97.0,32.07,-32.07,121.07,-2.836,-3.975,-3.975,0.0,-26.0,100.0,-3.975,0.0,35.0,59.32,1.78,8.63,13.51,89.0,53.93,28.03,58.35,32.07,1,1,92,59,0,1,0,0,1,1,1,0,1,0,2,1,0,216,0,0,1
1785441138.197,84649,58.9,61.04,67.0,32.0,76.63,14.17,-375.6,293.2,-4.0,77.2,25.48,-25.48,92.48,-3.073,-3.903,-3.903,0.0,-126.4,100.0,-3.903,0.0,35.0,61.04,1.34,5.17,7.66,67.0,55.49,34.03,58.86,25.48,1,1,85,61,0,1,0,0,1,1,1,0,0,0,2,1,0,216,0,0,1
1785441138.255,84709,59.9,61.37,42.0,35.0,68.38,6.38,-400.5,293.2,-4.0,60.2,18.29,-18.29,60.29,-3.278,-3.571,-3.571,0.0,-224.9,100.0,-3.571,0.0,35.0,61.37,0.84,2.53,3.01,42.0,55.79,39.85,58.96,18.29,1,1,79,71,0,1,0,0,1,1,1,0,0,0,3,1,0,216,0,0,1
1785441138.325,84769,60.2,60.9,19.0,37.0,63.14,2.03,-408.9,293.2,-4.0,54.4,15.22,-15.22,34.22,-3.347,-2.689,-2.689,0.0,-282.2,100.0,-2.689,0.0,35.0,60.9,0.38,1.03,0.62,19.0,55.37,41.96,58.82,15.22,1,1,77,96,0,1,0,0,1,1,1,0,0,0,3,1,0,216,0,0,1
1785441138.387,84829,59.4,59.4,0.0,40.0,18.87,-36.85,-388.0,293.2,4.0,597.9,20.09,-20.09,20.09,-3.175,-1.78,-1.78,0.0,-297.3,30.1,-1.78,0.0,35.0,59.4,-0.08,-30.81,-5.96,59.11,54.0,36.85,58.37,20.09,1,1,82,124,0,0,0,0,0,1,0,0,0,0,2,1,0,216,0,0,1
1785441138.475,84891,58.4,58.4,-10.0,44.0,16.16,-38.4,-359.0,293.2,4.0,578.1,27.56,-27.56,17.56,-2.938,-1.582,-1.582,0.0,-260.3,30.2,-1.582,0.0,35.0,58.4,-0.27,-31.75,-6.37,61.13,53.09,30.5,58.06,27.56,1,1,89,130,0,0,0,0,0,1,0,0,0,0,1,1,0,216,0,0,1
1785441138.475,84951,53.7,51.54,-45.0,48.0,-10.34,-56.26,-309.3,293.2,4.0,544.2,33.68,-33.68,-11.32,-2.531,1.053,1.053,0.0,-357.3,100.0,1.053,0.0,35.0,51.54,-0.96,-43.32,-11.98,83.81,46.86,21.46,55.47,33.68,1,1,101,216,0,1,0,0,1,1,1,0,0,0,3,1,0,216,0,0,1
1785441138.535,85011,50.6,48.05,-50.0,51.0,-3.05,-46.46,-240.2,293.2,4.0,497.1,46.38,-46.38,-3.62,-1.965,0.344,0.344,0.0,-272.8,100.0,0.344,0.0,35.0,48.05,-1.05,-35.95,-9.46,74.48,43.68,12.16,53.84,46.38,1,1,118,192,0,1,0,0,1,1,1,0,0,0,1,1,0,216,0,0,1
1785441138.595,85071,44.7,40.55,-77.0,54.0,-18.38,-53.57,-156.6,293.2,4.0,440.1,49.45,-49.45,-27.55,-1.281,2.303,2.303,0.0,-311.7,100.0,2.303,0.0,35.0,40.55,-1.57,-38.64,-13.35,88.49,36.86,5.01,49.45,53.87,1,1,139,263,0,1,0,0,1,1,1,0,0,0,2,1,0,216,0,0,0
1785441138.668,85131,39.8,35.21,-82.0,56.0,-14.73,-45.4,-60.1,293.2,4.0,374.3,45.48,-45.48,-36.52,-0.492,2.804,2.804,0.0,-240.0,100.0,2.804,0.0,33.9,35.21,-1.65,-31.59,-12.16,84.43,32.01,0.92,45.48,61.31,1,1,164,283,0,1,0,0,1,1,1,0,0,0,1,1,0,216,0,0,0
1785441138.727,85195,30.2,26.63,-102.0,35.0,-29.75,-51.26,36.3,293.2,4.0,308.6,37.4,-37.4,-64.6,0.297,3.647,3.647,0.0,-271.0,100.0,3.647,0.0,33.9,26.63,-2.04,-31.47,-17.74,102.0,24.21,0.0,37.4,56.89,1,1,190,322,0,1,0,0,1,1,1,0,0,0,1,1,0,216,0,0,0
1785441138.787,85255,23.1,18.85,-115.0,37.0,-38.67,-52.29,139.0,293.2,4.0,238.6,28.17,-28.17,-86.83,1.137,3.874,3.874,0.0,-262.7,100.0,3.874,0.0,33.9,18.85,-2.3,-27.43,-22.55,115.0,17.14,0.0,28.17,49.87,1,1,219,333,0,1,0,0,1,1,1,0,0,0,2,1,0,216,0,0,0
1785441138.856,85315,17.5,13.26,-106.0,40.0,-32.9,-41.97,202.7,293.2,4.0,195.1,20.5,-20.5,-85.5,1.658,3.866,3.866,0.0,-131.6,100.0,3.866,0.0,33.9,13.26,-2.12,-20.68,-19.16,106.0,12.06,0.0,20.5,42.04,1,1,238,333,0,1,0,0,1,1,1,0,0,0,2,1,0,216,0,0,0
1785441138.915,85375,12.4,8.51,-95.0,41.0,-26.35,-31.69,266.6,293.2,4.0,151.5,13.42,-13.42,-81.58,2.182,3.839,3.839,0.0,-25.7,100.0,3.839,0.0,33.9,8.51,-1.9,-14.4,-15.39,95.0,7.74,0.0,13.42,33.76,1,1,258,332,0,1,0,0,1,1,1,0,0,0,2,1,0,216,0,0,0
1785441138.977,85435,8.2,4.6,-82.0,44.0,-20.33,-22.66,318.0,293.2,4.0,116.5,7.32,-7.32,-74.68,2.602,3.778,3.778,0.0,57.5,100.0,3.778,0.0,33.9,4.6,-1.64,-9.55,-11.47,82.0,4.18,0.0,7.32,23.63,1,1,275,329,0,1,0,0,1,1,1,0,0,0,3,1,0,216,0,0,0
1785441139.045,85497,4.6,1.2,-71.0,48.0,-17.37,-16.88,347.1,293.2,4.0,96.7,1.91,-1.91,-69.09,2.84,3.713,3.713,0.0,100.1,100.0,3.713,0.0,33.9,1.2,-1.42,-6.86,-8.6,71.0,1.09,0.0,1.91,8.31,1,1,285,325,0,1,0,0,1,1,1,0,0,0,3,1,0,216,0,0,0
1785441139.134,85557,1.8,-1.32,-60.0,52.0,-14.5,-11.99,375.2,293.2,4.0,77.5,0.0,0.0,-60.0,3.07,3.565,3.565,0.0,121.5,100.0,3.565,0.0,33.9,-1.32,-1.2,-4.65,-6.14,60.0,1.2,33.94,2.11,0.0,1,1,295,318,0,1,0,0,1,1,1,0,0,0,3,1,0,216,0,0,1
1785441139.134,85617,0.9,-0.37,-27.0,47.0,-4.4,-3.67,386.4,293.2,4.0,69.8,0.0,0.0,-27.0,3.162,2.267,2.267,0.0,262.0,100.0,2.267,0.0,33.9,-0.37,-0.54,-1.88,-1.24,27.0,0.33,36.48,0.59,0.0,1,1,299,261,0,1,0,0,1,1,1,0,0,0,3,1,0,216,0,0,1
1785441139.197,85677,2.8,2.8,12.0,47.0,45.97,39.25,355.5,293.2,-4.0,575.8,4.47,-4.47,16.47,2.909,-1.493,-1.493,0.0,385.9,100.0,-1.376,0.0,33.9,2.8,0.31,32.34,6.6,62.21,2.55,0.0,4.47,17.98,1,1,288,136,0,1,0,0,0,1,0,0,0,0,3,1,0,216,0,0,0
1785441139.257,85737,7.1,9.5,48.0,50.0,62.9,48.55,260.3,293.2,-4.0,510.8,14.93,-14.93,62.93,2.129,-3.619,-3.619,0.0,445.6,100.0,-3.619,0.0,33.9,9.5,1.01,37.61,9.93,76.3,8.63,0.0,14.93,36.31,1,1,256,69,0,1,0,0,1,1,1,0,0,0,3,1,0,216,0,0,0
1785441139.326,85799,11.5,15.13,66.0,55.0,65.47,45.76,159.3,293.2,-4.0,441.9,23.14,-23.14,89.14,1.303,-3.887,-3.887,0.0,399.5,100.0,-3.887,0.0,33.9,15.13,1.35,34.08,10.33,77.83,13.75,0.0,23.14,43.19,1,1,225,61,0,1,0,0,1,1,1,0,0,0,3,1,0,216,0,0,0
1785441139.388,85859,17.1,22.17,86.0,59.0,73.39,46.56,43.6,293.2,-4.0,363.0,32.33,-32.33,118.33,0.357,-3.972,-3.972,0.0,370.9,100.0,-3.972,0.0,33.9,22.17,1.73,31.77,13.06,87.52,20.15,0.0,32.33,49.41,1,1,192,59,0,1,0,0,1,1,1,0,0,0,2,1,0,216,0,0,0
1785441139.460,85919,23.1,28.92,97.0,60.0,80.44,46.84,-52.6,293.2,-4.0,297.5,39.77,-39.77,136.77,-0.43,-3.988,-3.988,0.0,308.3,100.0,-3.988,0.0,33.9,28.92,1.94,28.85,16.05,97.0,26.29,0.74,39.77,52.59,1,1,166,58,0,1,0,0,1,1,1,0,0,0,3,1,0,216,0,0,0
1785441139.517,85979,30.0,36.63,107.0,62.0,89.0,47.61,-133.2,293.2,-4.0,242.5,46.61,-46.61,153.61,-1.09,-3.995,-3.995,0.0,257.6,100.0,-3.995,0.0,33.9,36.63,2.14,25.95,19.53,107.0,33.3,3.67,46.61,52.58,1,1,145,58,0,1,0,0,1,1,1,0,1,0,3,1,0,216,0,0,0
1785441139.582,86040,37.3,43.07,107.0,54.0,89.75,42.43,-204.3,293.2,-4.0,194.1,47.97,-47.97,154.97,-1.671,-3.995,-3.995,0.0,171.7,100.0,-3.995,0.0,33.9,43.07,2.14,20.77,19.53,107.0,39.16,8.6,51.07,47.97,1,1,127,58,0,1,0,0,1,1,1,0,0,0,1,1,0,216,0,0,1
1785441139.651,86104,44.8,49.63,105.0,46.0,90.28,36.96,-264.6,293.2,-4.0,152.9,42.59,-42.59,147.59,-2.165,-3.993,-3.993,0.0,104.9,100.0,-3.993,0.0,34.0,49.63,2.1,16.06,18.8,105.0,45.11,15.05,54.61,42.59,1,1,112,58,0,1,0,0,1,1,1,0,0,0,2,1,0,216,0,0,1
1785441139.711,86165,50.7,55.9,104.0,50.0,92.8,33.55,-305.3,293.2,-4.0,125.2,39.57,-39.57,143.57,-2.498,-3.991,-3.991,0.0,62.3,100.0,-3.991,0.0,34.0,55.9,2.08,13.02,18.45,104.0,50.81,20.81,57.2,39.57,1,1,102,58,0,1,0,0,1,1,1,0,0,0,1,1,0,216,0,0,1
1785441139.799,86226,54.9,60.08,91.0,57.0,87.61,25.03,-342.4,293.2,-4.0,99.8,34.03,-34.03,125.03,-2.802,-3.979,-3.979,0.0,-19.2,100.0,-3.979,0.0,34.0,60.08,1.82,9.09,14.12,91.0,54.62,27.24,58.58,34.03,1,1,93,59,0,1,0,0,1,1,1,0,0,0,3,1,0,216,0,0,1
1785441139.799,86286,59.9,61.94,66.0,31.0,77.38,14.03,-371.4,293.2,-4.0,80.0,27.62,-27.62,93.62,-3.039,-3.908,-3.908,0.0,-147.8,100.0,-3.908,0.0,34.0,61.94,1.32,5.28,7.43,66.0,56.31,33.12,59.12,27.62,1,1,86,61,0,1,0,0,1,1,1,0,0,0,3,1,0,216,0,0,1
1785441139.862,86346,61.0,62.39,41.0,34.0,69.29,6.27,-396.3,293.2,-4.0,63.1,20.61,-20.61,61.61,-3.243,-3.596,-3.596,0.0,-239.6,100.0,-3.596,0.0,34.0,62.39,0.82,2.59,2.87,41.0,56.72,38.82,59.24,20.61,1,1,80,70,0,1,0,0,1,1,1,0,0,0,3,1,0,216,0,0,1
1785441139.921,86409,61.0,61.58,15.0,39.0,63.23,1.5,-408.9,293.2,-4.0,54.4,15.9,-15.9,30.9,-3.347,-2.506,-2.506,0.0,-307.8,100.0,-2.506,0.0,34.0,61.58,0.3,0.82,0.38,15.0,55.99,41.96,59.02,15.9,1,1,77,102,0,1,0,0,1,1,1,0,0,0,3,1,0,216,0,0,1
1785441139.991,86469,60.4,60.4,-1.0,43.0,18.96,-37.67,-388.0,293.2,4.0,597.9,21.11,-21.11,20.11,-3.175,-1.781,-1.781,0.0,-295.2,29.9,-1.781,0.0,34.0,60.4,-0.1,-31.41,-6.16,60.11,54.91,36.85,58.68,21.11,1,1,82,124,0,0,0,0,0,1,0,0,0,0,2,1,0,216,0,0,1
1785441140.050,86529,59.1,59.1,-13.0,46.0,15.2,-39.91,-354.8,293.2,4.0,575.3,29.48,-29.48,16.48,-2.904,-1.494,-1.494,0.0,-261.6,30.1,-1.494,0.0,34.0,59.1,-0.33,-32.8,-6.78,63.04,53.73,29.66,58.28,29.48,1,1,90,132,0,0,0,0,0,1,0,0,0,0,2,1,0,216,0,0,1
1785441140.112,86589,56.5,54.92,-31.0,51.0,3.86,-46.42,-317.5,293.2,4.0,549.8,35.27,-35.27,4.27,-2.598,-0.405,-0.405,0.0,-271.3,30.7,-0.432,0.0,34.0,54.92,-0.68,-36.96,-8.77,71.73,49.93,22.81,56.84,35.27,1,1,99,166,0,0,0,0,1,1,1,0,0,0,2,1,0,216,0,0,1
1785441140.185,86649,52.0,49.03,-55.0,54.0,-12.42,-55.86,-268.7,293.2,4.0,516.5,40.93,-40.93,-14.07,-2.198,1.292,1.292,0.0,-310.9,100.0,1.292,0.0,34.0,49.03,-1.15,-42.39,-12.32,84.98,44.57,15.57,54.32,40.93,1,1,111,225,0,1,0,0,1,1,1,0,0,0,1,1,0,216,0,0,1
1785441140.244,86713,46.4,41.8,-78.0,59.0,-21.39,-57.45,-176.4,293.2,4.0,453.6,50.28,-50.28,-27.72,-1.443,2.314,2.314,0.0,-331.8,100.0,2.314,0.0,34.0,41.8,-1.6,-41.37,-14.48,92.14,38.0,6.36,50.28,51.84,1,1,134,263,0,1,0,0,1,1,1,0,0,0,3,1,0,216,0,0,0
1785441140.303,86773,41.4,36.48,-82.0,60.0,-15.13,-46.92,-75.2,293.2,4.0,384.6,46.5,-46.5,-35.5,-0.615,2.754,2.754,0.0,-248.1,100.0,2.754,0.0,34.0,36.48,-1.66,-32.82,-12.45,85.43,33.17,1.32,46.5,61.17,1,1,160,281,0,1,0,0,1,1,1,0,0,0,1,1,0,216,0,0,0
1785441140.373,86833,31.9,28.47,-101.0,34.0,-28.27,-51.58,21.8,293.2,4.0,318.5,39.32,-39.32,-61.68,0.178,3.597,3.597,0.0,-269.2,100.0,3.597,0.0,34.0,28.47,-2.02,-32.17,-17.4,101.0,25.88,0.0,39.32,58.95,1,1,186,319,0,1,0,0,1,1,1,0,0,0,3,1,0,216,0,0,0
1785441140.433,86893,26.1,22.19,-103.0,38.0,-28.9,-46.44,114.6,293.2,4.0,255.2,32.35,-32.35,-70.65,0.937,3.733,3.733,0.0,-195.3,100.0,3.733,0.0,34.0,22.19,-2.06,-26.29,-18.09,103.0,20.17,0.0,32.35,54.73,1,1,212,326,0,1,0,0,1,1,1,0,0,0,1,1,0,216,0,0,0
1785441140.522,86953,19.8,15.39,-105.0,42.0,-30.93,-42.11,192.7,293.2,4.0,202.0,23.52,-23.52,-81.48,1.576,3.838,3.838,0.0,-134.2,100.0,3.838,0.0,34.0,15.39,-2.1,-21.21,-18.8,105.0,14.0,0.0,23.52,46.46,1,1,235,332,0,1,0,0,1,1,1,0,0,0,2,1,0,216,0,0,0
1785441140.522,87016,13.5,8.21,-108.0,49.0,-34.56,-38.89,260.3,293.2,4.0,155.9,12.96,-12.96,-95.04,2.129,3.914,3.914,0.0,-100.7,100.0,3.914,0.0,34.0,8.21,-2.16,-16.83,-19.89,108.0,7.47,0.0,12.96,32.32,1,1,256,335,0,1,0,0,1,1,1,0,0,0,2,1,0,216,0,0,0
1785441140.582,87076,8.7,3.86,-95.0,51.0,-27.98,-28.94,309.0,293.2,4.0,122.6,6.16,-6.16,-88.84,2.528,3.885,3.885,0.0,-4.5,100.0,3.885,0.0,34.0,3.86,-1.9,-11.65,-15.39,95.0,3.51,0.0,6.16,19.88,1,1,272,334,0,1,0,0,1,1,1,0,0,0,3,1,0,216,0,0,0
1785441140.652,87136,4.2,0.57,-79.0,46.0,-21.11,-19.71,349.9,293.2,4.0,94.7,0.91,-0.91,-78.09,2.863,3.81,3.81,0.0,83.2,100.0,3.81,0.0,35.0,0.57,-1.58,-7.48,-10.64,79.0,0.52,0.0,0.91,4.24,1,1,286,330,0,1,0,0,1,1,1,0,0,0,3,1,0,216,0,0,0
1785441140.709,87196,2.0,-2.69,-69.0,68.0,-19.02,-14.85,375.2,293.2,4.0,77.5,0.0,0.0,-69.0,3.07,3.711,3.711,0.0,109.1,100.0,3.711,0.0,35.0,-2.69,-1.38,-5.35,-8.12,69.0,2.44,33.94,4.3,0.0,1,1,295,325,0,1,0,0,1,1,1,0,1,0,3,1,0,216,0,0,1
1785441140.770,87256,0.6,-0.18,-23.0,34.0,-3.4,-2.92,389.2,293.2,4.0,67.9,0.0,0.0,-23.0,3.185,1.995,1.995,0.0,313.6,100.0,1.995,0.0,35.0,-0.18,-0.46,-1.56,-0.9,23.0,0.16,37.14,0.29,0.0,1,1,300,251,0,1,0,0,1,1,1,0,0,0,3,1,0,216,0,0,1
1785441140.841,87316,2.6,2.6,14.0,38.0,51.12,44.11,369.6,293.2,-4.0,585.4,4.15,-4.15,18.15,3.024,-1.629,-1.629,0.0,423.4,100.0,-1.317,0.0,35.0,2.6,0.35,35.87,7.88,67.97,2.36,0.0,4.15,17.92,1,1,293,138,0,1,0,0,0,1,0,0,0,0,3,1,0,216,0,0,0
1785441140.901,87376,6.7,8.75,50.0,41.0,67.32,53.25,276.0,293.2,-4.0,521.5,13.78,-13.78,63.78,2.258,-3.634,-3.634,0.0,491.5,100.0,-3.634,0.0,35.0,8.75,1.06,40.87,11.33,81.49,7.95,0.0,13.78,35.29,1,1,261,69,0,1,0,0,1,1,1,0,0,0,3,1,0,216,0,0,0
1785441140.973,87436,11.3,14.42,71.0,44.0,68.28,48.96,155.9,293.2,-4.0,439.6,22.15,-22.15,93.15,1.275,-3.906,-3.906,0.0,454.7,100.0,-3.906,0.0,35.0,14.42,1.45,35.93,11.58,82.4,13.11,0.0,22.15,41.29,1,1,224,61,0,1,0,0,1,1,1,0,0,0,3,1,0,216,0,0,0
1785441141.031,87496,16.2,20.25,81.0,50.0,68.11,43.52,47.2,293.2,-4.0,365.5,29.95,-29.95,110.95,0.386,-3.96,-3.96,0.0,363.4,100.0,-3.96,0.0,35.0,20.25,1.63,30.22,11.67,82.7,18.41,0.0,29.95,46.05,1,1,193,59,0,1,0,0,1,1,1,0,0,0,3,1,0,216,0,0,0
1785441141.122,87556,21.6,26.42,91.0,53.0,74.76,43.95,-37.6,293.2,-4.0,307.7,37.17,-37.17,128.17,-0.307,-3.982,-3.982,0.0,299.1,100.0,-3.982,0.0,35.0,26.42,1.82,28.0,14.12,91.0,24.02,0.45,37.17,50.27,1,1,170,59,0,1,0,0,1,1,1,0,0,0,2,1,0,216,0,0,0
1785441141.122,87619,28.3,34.72,107.0,60.0,87.71,48.18,-125.5,293.2,-4.0,247.8,45.07,-45.07,152.07,-1.027,-3.994,-3.994,0.0,283.6,100.0,-3.994,0.0,35.0,34.72,2.14,26.51,19.53,107.0,31.56,3.28,45.07,51.14,1,1,147,58,0,1,0,0,1,1,1,0,0,0,2,1,0,216,0,0,0
1785441141.183,87679,37.8,41.36,108.0,33.0,89.32,43.6,-196.3,293.2,-4.0,199.5,47.39,-47.39,155.39,-1.606,-3.995,-3.995,0.0,196.1,100.0,-3.995,0.0,35.0,41.36,2.16,21.55,19.89,108.0,37.6,7.92,49.99,47.39,1,1,129,58,0,1,0,0,1,1,1,0,0,0,2,1,0,216,0,0,1
1785441141.242,87739,44.1,47.88,108.0,35.0,91.29,39.47,-252.4,293.2,-4.0,161.2,43.38,-43.38,151.38,-2.065,-3.994,-3.994,0.0,134.7,100.0,-3.994,0.0,35.0,47.88,2.16,17.41,19.89,108.0,43.52,13.56,53.75,43.38,1,1,115,58,0,1,0,0,1,1,1,0,0,0,1,1,0,217,0,0,1
1785441141.313,87800,49.7,53.54,104.0,37.0,91.08,34.12,-297.1,293.2,-4.0,130.7,39.06,-39.06,143.06,-2.431,-3.991,-3.991,0.0,72.5,100.0,-3.991,0.0,35.0,53.54,2.08,13.6,18.45,104.0,48.68,19.56,56.31,39.06,1,1,104,58,0,1,0,0,1,1,1,0,0,0,1,1,0,217,0,0,1
1785441141.375,87861,54.1,57.83,89.0,42.0,84.7,24.43,-338.3,293.2,-4.0,102.7,32.8,-32.8,121.8,-2.768,-3.976,-3.976,0.0,-35.8,100.0,-3.976,0.0,35.0,57.83,1.78,9.14,13.51,89.0,52.58,26.46,57.87,32.8,1,1,94,59,0,1,0,0,1,1,1,0,0,0,3,1,0,217,0,0,1
1785441141.436,87924,57.4,60.97,73.0,49.0,79.0,16.39,-371.4,293.2,-4.0,80.0,26.63,-26.63,99.63,-3.039,-3.931,-3.931,0.0,-100.5,100.0,-3.931,0.0,35.0,60.97,1.46,5.84,9.09,73.0,55.43,33.12,58.85,26.63,1,1,86,60,0,1,0,0,1,1,1,0,0,0,1,1,0,217,0,0,1
1785441141.504,87984,59.9,62.8,57.0,51.0,74.29,10.44,-392.1,293.2,-4.0,65.9,22.29,-22.29,79.29,-3.209,-3.821,-3.821,0.0,-156.6,100.0,-3.821,0.0,35.0,62.8,1.14,3.76,5.54,57.0,57.09,37.82,59.35,22.29,1,1,81,63,0,1,0,0,1,1,1,0,0,0,3,1,0,217,0,0,1
1785441141.563,88044,61.0,62.82,35.0,52.0,67.98,4.69,-408.9,293.2,-4.0,54.4,17.13,-17.13,52.13,-3.347,-3.383,-3.383,0.0,-213.9,100.0,-3.383,0.0,35.0,62.82,0.7,1.91,2.09,35.0,57.11,41.96,59.36,17.13,1,1,77,76,0,1,0,0,1,1,1,0,0,0,2,1,0,217,0,0,1
1785441141.633,88104,60.6,61.15,10.0,55.0,62.19,0.94,-404.7,293.2,-4.0,57.3,16.77,-16.77,26.77,-3.312,-2.253,-2.253,0.0,-270.0,100.0,-2.253,0.0,34.0,61.15,0.2,0.57,0.17,10.0,55.59,40.89,58.9,16.77,1,1,78,109,0,1,0,0,1,1,1,0,0,0,3,1,0,217,0,0,1
1785441141.696,88164,58.9,58.9,-11.0,32.0,13.71,-41.08,-367.3,293.2,4.0,583.8,25.69,-25.69,14.69,-3.006,-1.345,-1.345,0.0,-291.1,30.1,-1.345,0.0,34.0,58.9,-0.29,-33.73,-7.06,64.35,53.55,32.23,58.22,25.69,1,1,87,137,0,0,0,0,0,1,0,0,0,0,1,1,0,217,0,0,1
1785441141.756,88227,55.4,53.84,-39.0,40.0,-7.67,-55.92,-330.0,293.2,4.0,558.3,30.76,-30.76,-8.24,-2.7,0.775,0.775,0.0,-361.9,100.0,0.368,0.0,34.0,53.84,-0.85,-43.4,-11.67,82.73,48.95,24.96,56.43,30.76,1,1,96,192,0,1,0,0,1,1,1,0,0,0,2,1,0,217,0,0,1
1785441141.845,88287,51.8,49.62,-52.0,42.0,-7.35,-51.79,-260.5,293.2,4.0,511.0,43.55,-43.55,-8.45,-2.132,0.794,0.794,0.0,-314.7,100.0,0.794,0.0,34.0,49.62,-1.09,-39.69,-11.01,80.35,45.11,14.54,54.6,43.55,1,1,113,207,0,1,0,0,1,1,1,0,0,0,2,1,0,217,0,0,1
1785441141.846,88347,46.6,43.39,-73.0,44.0,-16.21,-54.18,-180.4,293.2,4.0,456.3,51.27,-51.27,-21.73,-1.476,1.903,1.903,0.0,-322.8,100.0,1.903,0.0,34.0,43.39,-1.5,-39.57,-13.12,87.7,39.45,6.66,51.27,53.13,1,1,133,247,0,1,0,0,1,1,1,0,0,0,3,1,0,217,0,0,0
1785441141.904,88408,44.5,38.58,-75.0,79.0,-10.45,-44.57,-98.4,293.2,4.0,400.4,48.07,-48.07,-26.93,-0.805,2.263,2.263,0.0,-230.9,100.0,2.263,0.0,34.0,38.58,-1.52,-32.07,-10.99,80.27,35.07,2.1,48.07,60.82,1,1,154,261,0,1,0,0,1,1,1,0,1,1,1,1,0,218,0,0,0
1785441141.967,88468,35.8,30.58,-95.0,55.0,-23.6,-49.25,-3.8,293.2,4.0,335.9,41.39,-41.39,-53.61,-0.031,3.422,3.422,0.0,-252.0,100.0,3.422,0.0,34.0,30.58,-1.9,-31.94,-15.42,95.08,27.8,0.03,41.39,60.47,1,1,179,311,0,1,0,0,1,1,1,0,0,0,1,1,0,218,0,0,0
1785441142.038,88531,26.9,23.6,-100.0,33.0,-27.0,-46.01,93.6,293.2,4.0,269.5,34.02,-34.02,-65.98,0.766,3.669,3.669,0.0,-195.9,100.0,3.669,0.0,34.0,23.6,-2.0,-26.95,-17.05,100.0,21.46,0.0,34.02,55.79,1,1,206,323,0,1,0,0,1,1,1,0,0,0,1,1,0,218,0,0,0
1785441142.096,88591,19.7,15.82,-111.0,35.0,-34.68,-45.9,189.3,293.2,4.0,204.3,24.11,-24.11,-86.89,1.549,3.874,3.874,0.0,-192.3,100.0,3.874,0.0,34.0,15.82,-2.22,-22.67,-21.01,111.0,14.38,0.0,24.11,47.19,1,1,234,333,0,1,0,0,1,1,1,0,0,0,2,1,0,218,0,0,0
1785441142.166,88651,13.9,10.16,-104.0,36.0,-31.49,-37.87,244.4,293.2,4.0,166.7,15.93,-15.93,-88.07,1.999,3.881,3.881,0.0,-93.0,100.0,3.881,0.0,34.0,10.16,-2.08,-17.34,-18.45,104.0,9.24,0.0,15.93,36.98,1,1,251,334,0,1,0,0,1,1,1,0,0,0,1,1,0,218,0,0,0
1785441142.224,88711,9.0,5.2,-95.0,40.0,-27.27,-29.52,300.0,293.2,4.0,128.8,8.28,-8.28,-86.72,2.455,3.873,3.873,0.0,-12.3,100.0,3.873,0.0,34.0,5.2,-1.9,-12.23,-15.39,95.0,4.73,0.0,8.28,24.77,1,1,269,333,0,1,0,0,1,1,1,0,0,0,2,1,0,218,0,0,0
1785441142.285,88771,5.1,1.74,-80.0,42.0,-21.03,-20.71,338.7,293.2,4.0,102.4,2.79,-2.79,-77.21,2.771,3.803,3.803,0.0,73.5,100.0,3.803,0.0,34.0,1.74,-1.6,-8.19,-10.91,80.0,1.59,0.0,2.79,11.2,1,1,282,330,0,1,0,0,1,1,1,0,0,0,2,1,0,218,0,0,0
1785441142.353,88833,2.3,-0.55,-62.0,46.0,-14.8,-12.96,366.8,293.2,4.0,83.2,0.0,0.0,-62.0,3.001,3.603,3.603,0.0,148.8,100.0,3.603,0.0,34.0,-0.55,-1.24,-5.16,-6.56,62.0,0.5,32.12,0.88,0.0,1,1,292,320,0,1,0,0,1,1,1,0,0,0,3,1,0,218,0,0,1
1785441142.446,88893,0.8,-1.07,-39.0,48.0,-7.78,-6.1,386.4,293.2,4.0,69.8,0.0,0.0,-39.0,3.162,2.92,2.92,0.0,227.1,100.0,2.92,0.0,34.0,-1.07,-0.78,-2.72,-2.59,39.0,0.97,36.48,1.71,0.0,1,1,299,288,0,1,0,0,1,1,1,0,0,0,3,1,0,218,0,0,1
1785441142.446,88953,1.9,1.9,-2.0,52.0,1.67,-0.21,372.4,293.2,4.0,79.4,3.04,-3.04,1.04,3.047,-0.099,-0.099,0.0,338.9,49.9,0.07,0.0,34.0,1.9,-0.04,-0.16,-0.01,2.0,1.73,0.0,3.04,14.01,1,1,294,182,0,0,0,0,0,1,0,0,0,0,3,1,0,218,0,0,0
1785441142.503,89013,4.7,6.29,29.0,55.0,50.39,40.08,294.0,293.2,-4.0,533.8,9.99,-9.99,38.99,2.406,-2.919,-2.919,0.0,383.3,100.0,-2.919,0.0,34.0,6.29,0.64,32.38,7.06,64.35,5.72,0.0,9.99,28.42,1,1,267,90,0,1,0,0,1,1,1,0,0,0,3,1,0,218,0,0,0
1785441142.566,89073,9.1,12.46,58.0,58.0,58.49,41.84,172.6,293.2,-4.0,451.0,19.34,-19.34,77.34,1.412,-3.804,-3.804,0.0,403.5,100.0,-3.804,0.0,34.0,12.46,1.19,31.9,8.75,71.61,11.33,0.0,19.34,37.76,1,1,229,64,0,1,0,0,1,1,1,0,0,0,2,1,0,218,0,0,0
1785441142.635,89135,12.5,19.86,80.0,92.0,69.66,45.28,72.6,293.2,-4.0,382.9,29.46,-29.46,109.46,0.594,-3.957,-3.957,0.0,391.3,100.0,-3.957,0.0,35.0,19.86,1.61,31.84,11.82,83.25,18.05,0.0,29.46,47.01,1,1,200,59,0,1,0,0,1,1,1,0,1,0,2,1,0,218,0,0,0
1785441142.696,89195,21.6,26.24,91.0,51.0,74.83,44.18,-33.8,293.2,-4.0,310.3,36.98,-36.98,127.98,-0.277,-3.982,-3.982,0.0,333.5,100.0,-3.982,0.0,35.0,26.24,1.82,28.24,14.12,91.0,23.85,0.39,36.98,50.36,1,1,171,59,0,1,0,0,1,1,1,0,0,0,2,1,0,219,0,0,0
1785441142.766,89255,28.6,34.32,108.0,53.0,88.64,49.38,-117.8,293.2,-4.0,253.1,44.74,-44.74,152.74,-0.963,-3.994,-3.994,0.0,310.6,100.0,-3.994,0.0,35.0,34.32,2.16,27.33,19.89,108.0,31.2,2.91,44.74,51.8,1,1,149,58,0,1,0,0,1,1,1,0,0,0,2,1,0,219,0,0,0
1785441142.826,89315,37.5,40.92,107.0,32.0,89.19,43.88,-184.4,293.2,-4.0,207.6,49.17,-49.17,156.17,-1.508,-3.995,-3.995,0.0,203.6,100.0,-3.995,0.0,35.0,40.92,2.14,22.22,19.53,107.0,37.2,6.96,49.7,49.17,1,1,132,58,0,1,0,0,1,1,1,0,0,0,2,1,0,219,0,0,1
1785441142.888,89375,43.7,47.66,110.0,36.0,92.96,41.18,-244.3,293.2,-4.0,166.8,44.98,-44.98,154.98,-1.998,-3.995,-3.995,0.0,155.4,100.0,-3.995,0.0,35.0,47.66,2.2,18.35,20.64,110.0,43.32,12.62,53.64,44.98,1,1,117,58,0,1,0,0,1,1,1,0,0,0,1,1,0,219,0,0,1
1785441142.959,89439,48.9,53.34,101.0,44.0,89.22,32.62,-297.1,293.2,-4.0,130.7,38.83,-38.83,139.83,-2.431,-3.99,-3.99,0.0,59.0,100.0,-3.99,0.0,35.0,53.34,2.02,13.21,17.4,101.0,48.49,19.56,56.23,38.83,1,1,104,58,0,1,0,0,1,1,1,0,0,0,2,1,0,219,0,0,1
1785441143.018,89500,53.4,57.67,89.0,48.0,84.81,24.68,-334.1,293.2,-4.0,105.5,33.77,-33.77,122.77,-2.734,-3.977,-3.977,0.0,-26.1,100.0,-3.977,0.0,35.0,57.67,1.78,9.39,13.51,89.0,52.43,25.7,57.82,33.77,1,1,95,59,0,1,0,0,1,1,1,0,0,0,3,1,0,219,0,0,1
1785441143.106,89560,57.1,61.1,77.0,52.0,80.94,18.03,-367.3,293.2,-4.0,82.9,27.97,-27.97,104.97,-3.006,-3.946,-3.946,0.0,-73.5,100.0,-3.946,0.0,35.0,61.1,1.54,6.38,10.11,77.0,55.55,32.23,58.88,27.97,1,1,87,60,0,1,0,0,1,1,1,0,0,0,1,1,0,219,0,0,1
1785441143.107,89620,59.5,62.86,59.0,57.0,74.97,11.0,-392.1,293.2,-4.0,65.9,22.35,-22.35,81.35,-3.209,-3.837,-3.837,0.0,-140.3,100.0,-3.837,0.0,35.0,62.86,1.18,3.89,5.94,59.0,57.15,37.82,59.37,22.35,1,1,81,63,0,1,0,0,1,1,1,0,0,0,2,1,0,219,0,0,1
1785441143.168,89680,60.6,62.74,37.0,58.0,68.34,5.09,-408.9,293.2,-4.0,54.4,17.06,-17.06,54.06,-3.347,-3.433,-3.433,0.0,-210.5,100.0,-3.433,0.0,35.0,62.74,0.74,2.01,2.33,37.0,57.04,41.96,59.34,17.06,1,1,77,74,0,1,0,0,1,1,1,0,0,0,2,1,0,219,0,0,1
1785441143.231,89743,60.1,60.1,4.0,34.0,60.46,0.33,-408.9,293.2,-4.0,54.4,14.41,-14.41,18.41,-3.347,-1.649,-1.649,0.0,-316.1,30.0,-1.738,0.0,35.0,60.1,0.08,0.22,0.03,4.0,54.64,41.96,58.59,14.41,1,1,77,125,0,0,0,0,0,1,0,0,0,0,3,1,0,219,0,0,1
1785441143.299,89803,59.1,59.1,-8.0,38.0,15.57,-39.57,-371.4,293.2,4.0,586.6,24.69,-24.69,16.69,-3.039,-1.511,-1.511,0.0,-282.9,30.1,-1.511,0.0,35.0,59.1,-0.23,-32.68,-6.66,62.48,53.73,33.12,58.28,24.69,1,1,86,132,0,0,0,0,0,1,0,0,0,0,2,1,0,219,0,0,1
1785441143.359,89863,56.3,54.99,-32.0,41.0,-1.03,-50.93,-334.1,293.2,4.0,561.2,30.88,-30.88,-1.12,-2.734,0.106,0.106,0.0,-329.0,100.0,0.106,0.0,35.0,54.99,-0.71,-40.18,-10.05,76.75,49.99,25.7,56.87,30.88,1,1,95,184,0,1,0,0,1,1,1,0,0,0,2,1,0,219,0,0,1
1785441143.418,89923,52.1,49.72,-53.0,45.0,-9.92,-54.22,-268.7,293.2,4.0,516.5,41.73,-41.73,-11.27,-2.198,1.048,1.048,0.0,-327.4,100.0,1.048,0.0,35.0,49.72,-1.11,-41.36,-11.74,82.98,45.2,15.57,54.65,41.73,1,1,111,216,0,1,0,0,1,1,1,0,0,0,1,1,0,219,0,0,1
1785441143.492,89983,46.5,42.42,-80.0,51.0,-23.98,-60.37,-184.4,293.2,4.0,459.0,50.67,-50.67,-29.33,-1.508,2.413,2.413,0.0,-365.0,100.0,2.413,0.0,35.0,42.42,-1.64,-43.25,-15.48,95.28,38.57,6.96,50.67,51.11,1,1,132,267,0,1,0,0,1,1,1,0,0,0,3,1,0,219,0,0,0
1785441143.551,90047,38.3,35.3,-97.0,31.0,-28.73,-58.21,-79.0,293.2,4.0,387.2,45.55,-45.55,-51.45,-0.646,3.364,3.364,0.0,-348.1,100.0,3.364,0.0,35.0,35.3,-1.96,-38.96,-17.3,100.71,32.09,1.44,45.55,58.91,1,1,159,308,0,1,0,0,1,1,1,0,0,0,2,1,0,219,0,0,0
1785441143.613,90107,32.0,28.43,-105.0,34.0,-31.34,-54.34,21.8,293.2,4.0,318.5,39.28,-39.28,-65.72,0.178,3.665,3.665,0.0,-288.2,100.0,3.665,0.0,34.0,28.43,-2.1,-33.44,-18.8,105.0,25.85,0.0,39.28,58.89,1,1,186,323,0,1,0,0,1,1,1,0,0,0,3,1,0,219,0,0,0
1785441143.681,90167,26.7,22.58,-103.0,40.0,-28.5,-46.44,114.6,293.2,4.0,255.2,32.82,-32.82,-70.18,0.937,3.727,3.727,0.0,-188.3,100.0,3.727,0.0,34.0,22.58,-2.06,-26.29,-18.09,103.0,20.53,0.0,32.82,55.51,1,1,212,326,0,1,0,0,1,1,1,0,0,0,1,1,0,219,0,0,0
1785441143.738,90227,20.7,15.98,-105.0,45.0,-30.34,-42.11,192.7,293.2,4.0,202.0,24.33,-24.33,-80.67,1.576,3.832,3.832,0.0,-137.2,100.0,3.832,0.0,34.0,15.98,-2.1,-21.21,-18.8,105.0,14.53,0.0,24.33,47.85,1,1,235,331,0,1,0,0,1,1,1,0,0,0,2,1,0,219,0,0,0
1785441143.830,90287,14.5,9.77,-103.0,46.0,-30.06,-36.21,260.3,293.2,4.0,155.9,15.33,-15.33,-87.67,2.129,3.879,3.879,0.0,-70.8,100.0,3.879,0.0,34.0,9.77,-2.06,-16.06,-18.09,103.0,8.88,0.0,15.33,37.12,1,1,256,334,0,1,0,0,1,1,1,0,0,0,3,1,0,219,0,0,0
1785441143.830,90350,10.4,6.07,-85.0,51.0,-20.82,-24.45,309.0,293.2,4.0,122.6,9.64,-9.64,-75.36,2.528,3.785,3.785,0.0,36.9,100.0,3.785,0.0,34.0,6.07,-1.7,-10.42,-12.32,85.0,5.52,0.0,9.64,28.78,1,1,272,329,0,1,0,0,1,1,1,0,0,0,2,1,0,219,0,0,0
1785441143.889,90410,6.5,2.19,-77.0,56.0,-18.81,-19.09,347.1,293.2,4.0,96.7,3.5,-3.5,-73.5,2.84,3.765,3.765,0.0,64.4,100.0,3.765,0.0,34.0,2.19,-1.54,-7.44,-10.11,77.0,1.99,0.0,3.5,14.15,1,1,285,328,0,1,0,0,1,1,1,0,0,0,2,1,0,219,0,0,0
1785441143.959,90470,2.7,0.83,-55.0,34.0,-10.97,-10.73,369.6,293.2,4.0,81.3,1.33,-1.33,-53.67,3.024,3.424,3.424,0.0,157.8,100.0,3.424,0.0,34.0,0.83,-1.1,-4.47,-5.16,55.0,0.76,0.0,1.33,6.71,1,1,293,311,0,1,0,0,1,1,1,0,0,0,3,1,0,219,0,0,0
1785441144.019,90530,2.2,1.14,-28.0,38.0,-3.22,-3.96,380.8,293.2,4.0,73.6,1.82,-1.82,-26.18,3.116,2.214,2.214,0.0,258.2,100.0,2.214,0.0,34.0,1.14,-0.56,-2.06,-1.34,28.0,1.03,0.0,1.82,9.42,1,1,297,259,0,1,0,0,1,1,1,0,0,0,3,1,0,219,0,0,0
1785441144.091,90590,4.3,4.3,13.0,40.0,49.05,40.68,358.3,293.2,-4.0,577.7,6.85,-6.85,19.85,2.932,-1.762,-1.762,0.0,404.0,100.0,-1.728,0.0,34.0,4.3,0.33,33.38,6.98,63.95,3.91,0.0,6.85,25.61,1,1,289,125,0,1,0,0,0,1,0,0,0,0,2,1,0,219,0,0,0
1785441144.153,90652,7.9,9.88,43.0,46.0,62.23,47.6,276.0,293.2,-4.0,521.5,15.5,-15.5,58.5,2.258,-3.535,-3.535,0.0,434.5,100.0,-3.535,0.0,34.0,9.88,0.92,37.22,9.46,74.49,8.98,0.0,15.5,38.81,1,1,261,72,0,1,0,0,1,1,1,0,0,0,3,1,0,219,0,0,0
1785441144.210,90712,12.9,16.28,69.0,49.0,66.53,45.68,142.5,293.2,-4.0,430.5,24.73,-24.73,93.73,1.166,-3.909,-3.909,0.0,430.6,100.0,-3.909,0.0,34.0,16.28,1.41,33.69,10.58,78.78,14.8,0.0,24.73,44.55,1,1,220,61,0,1,0,0,1,1,1,0,0,0,2,1,0,219,0,0,0
1785441144.280,90772,17.8,21.77,78.0,51.0,67.46,41.53,47.2,293.2,-4.0,365.5,31.85,-31.85,109.85,0.386,-3.957,-3.957,0.0,339.6,100.0,-3.957,0.0,34.0,21.77,1.57,29.13,10.83,79.7,19.79,0.0,31.85,48.93,1,1,193,59,0,1,0,0,1,1,1,0,0,0,2,1,0,219,0,0,0
1785441144.341,90832,23.2,27.86,88.0,53.0,73.37,41.37,-48.9,293.2,-4.0,300.0,38.69,-38.69,126.69,-0.4,-3.981,-3.981,0.0,282.1,100.0,-3.981,0.0,34.0,27.86,1.76,26.4,13.21,88.0,25.33,0.66,38.69,51.35,1,1,167,59,0,1,0,0,1,1,1,0,0,0,1,1,0,219,0,0,0
1785441144.434,90892,30.6,36.64,108.0,56.0,89.71,48.24,-133.2,293.2,-4.0,242.5,46.62,-46.62,154.62,-1.09,-3.995,-3.995,0.0,292.1,100.0,-3.995,0.0,34.0,36.64,2.16,26.19,19.89,108.0,33.31,3.67,46.62,52.6,1,1,145,58,0,1,0,0,1,1,1,0,0,0,3,1,0,219,0,0,0
1785441144.434,90956,40.1,43.98,111.0,35.0,93.23,44.78,-204.3,293.2,-4.0,194.1,49.12,-49.12,160.12,-1.671,-3.996,-3.996,0.0,215.1,100.0,-3.996,0.0,34.0,43.98,2.22,21.54,21.01,111.0,39.98,8.6,51.62,49.12,1,1,127,58,0,1,0,0,1,1,1,0,0,0,2,1,0,219,0,0,1
1785441144.493,91016,45.6,49.37,102.0,37.0,88.6,35.67,-260.5,293.2,-4.0,155.7,43.26,-43.26,145.26,-2.132,-3.992,-3.992,0.0,95.5,100.0,-3.992,0.0,34.0,49.37,2.04,15.88,17.74,102.0,44.88,14.54,54.49,43.26,1,1,113,58,0,1,0,0,1,1,1,0,0,0,3,1,0,219,0,0,1
1785441144.552,91077,50.5,54.43,96.0,41.0,86.76,29.39,-309.3,293.2,-4.0,122.4,36.9,-36.9,132.9,-2.531,-3.986,-3.986,0.0,33.8,100.0,-3.986,0.0,34.0,54.43,1.92,11.75,15.72,96.0,49.48,21.46,56.66,36.9,1,1,101,59,0,1,0,0,1,1,1,0,0,0,1,1,0,219,0,0,1
1785441144.622,91137,55.1,58.97,88.0,44.0,85.1,23.75,-342.4,293.2,-4.0,99.8,32.85,-32.85,120.85,-2.802,-3.975,-3.975,0.0,-16.0,100.0,-3.975,0.0,36.0,58.97,1.76,8.79,13.21,88.0,53.61,27.24,58.24,32.85,1,1,93,59,0,1,0,0,1,1,1,0,0,0,2,1,0,219,0,0,1
1785441144.684,91197,59.2,62.86,78.0,47.0,82.86,18.18,-371.4,293.2,-4.0,80.0,28.56,-28.56,106.56,-3.039,-3.95,-3.95,0.0,-68.5,100.0,-3.95,0.0,36.0,62.86,1.56,6.24,10.38,78.0,57.15,33.12,59.37,28.56,1,1,86,60,0,1,0,0,1,1,1,0,0,0,2,1,0,219,0,0,1
1785441144.755,91260,60.4,62.9,49.0,51.0,71.88,8.17,-396.3,293.2,-4.0,63.1,21.12,-21.12,70.12,-3.243,-3.726,-3.726,0.0,-195.5,100.0,-3.726,0.0,36.0,62.9,0.98,3.09,4.09,49.0,57.18,38.82,59.38,21.12,1,1,80,66,0,1,0,0,1,1,1,0,0,0,3,1,0,219,0,0,1
1785441144.814,91320,61.0,62.43,26.0,55.0,65.83,3.09,-408.9,293.2,-4.0,54.4,16.75,-16.75,42.75,-3.347,-3.076,-3.076,0.0,-246.3,100.0,-3.076,0.0,36.0,62.43,0.52,1.42,1.15,26.0,56.75,41.96,59.25,16.75,1,1,77,85,0,1,0,0,1,1,1,0,0,0,3,1,0,219,0,0,1
1785441144.873,91380,60.3,60.3,-1.0,33.0,17.78,-38.65,-392.1,293.2,4.0,600.8,19.76,-19.76,18.76,-3.209,-1.677,-1.677,0.0,-309.6,30.0,-1.677,0.0,36.0,60.3,-0.1,-32.15,-6.41,61.29,54.82,37.82,58.65,19.76,1,1,81,127,0,0,0,0,0,1,0,0,0,0,3,1,0,219,0,0,1
1785441144.943,91440,59.1,59.1,-13.0,39.0,13.15,-41.78,-363.1,293.2,4.0,581.0,27.1,-27.1,14.1,-2.972,-1.295,-1.295,0.0,-278.4,30.1,-1.295,0.0,36.0,59.1,-0.33,-34.19,-7.26,65.23,53.73,31.36,58.28,27.1,1,1,88,139,0,0,0,0,0,1,0,0,0,0,2,1,0,219,0,0,1
1785441145.006,91500,55.8,54.17,-38.0,43.0,-4.29,-53.14,-321.7,293.2,4.0,552.7,33.34,-33.34,-4.66,-2.632,0.442,0.442,0.0,-326.6,100.0,0.442,0.0,36.0,54.17,-0.82,-41.48,-10.84,79.72,49.24,23.51,56.55,33.34,1,1,98,195,0,1,0,0,1,1,1,0,0,0,2,1,0,219,0,0,1
1785441145.066,91563,51.8,49.11,-55.0,49.0,-7.1,-51.1,-244.3,293.2,4.0,499.9,46.71,-46.71,-8.29,-1.998,0.779,0.779,0.0,-306.1,100.0,0.779,0.0,36.0,49.11,-1.15,-38.98,-10.98,80.23,44.64,12.62,54.36,46.71,1,1,117,206,0,1,0,0,1,1,1,0,0,0,1,1,0,219,0,0,1
1785441145.154,91623,46.0,41.76,-80.0,53.0,-21.74,-57.73,-168.5,293.2,4.0,448.2,50.25,-50.25,-29.75,-1.378,2.438,2.438,0.0,-335.8,100.0,2.438,0.0,36.0,41.76,-1.63,-41.33,-14.77,93.05,37.97,5.8,50.25,53.29,1,1,136,268,0,1,0,0,1,1,1,0,0,0,2,1,0,219,0,0,0
1785441145.154,91684,41.1,36.37,-83.0,57.0,-15.15,-46.84,-67.6,293.2,4.0,379.4,46.41,-46.41,-36.59,-0.553,2.808,2.808,0.0,-246.2,100.0,2.808,0.0,36.0,36.37,-1.67,-32.57,-12.59,85.91,33.07,1.11,46.41,62.03,1,1,162,284,0,1,0,0,1,1,1,0,0,0,1,1,0,219,0,0,0
1785441145.214,91744,35.8,30.52,-88.0,60.0,-16.29,-42.56,29.1,293.2,4.0,313.5,41.34,-41.34,-46.66,0.238,3.218,3.218,0.0,-192.7,100.0,3.218,0.0,36.0,30.52,-1.76,-27.59,-13.21,88.0,27.75,0.0,41.34,62.94,1,1,188,302,0,1,0,0,1,1,1,0,0,0,1,1,0,219,0,0,0
1785441145.278,91804,27.1,22.6,-100.0,45.0,-25.64,-43.86,125.1,293.2,4.0,248.1,32.85,-32.85,-67.15,1.023,3.686,3.686,0.0,-184.7,100.0,3.686,0.0,36.0,22.6,-2.0,-24.81,-17.05,100.0,20.55,0.0,32.85,56.41,1,1,215,324,0,1,0,0,1,1,1,0,0,0,1,1,0,219,0,0,0
1785441145.346,91867,20.2,15.58,-105.0,44.0,-30.74,-42.11,192.7,293.2,4.0,202.0,23.78,-23.78,-81.22,1.576,3.836,3.836,0.0,-152.1,100.0,3.836,0.0,36.0,15.58,-2.1,-21.21,-18.8,105.0,14.17,0.0,23.78,46.92,1,1,235,331,0,1,0,0,1,1,1,0,0,0,1,1,0,219,0,0,0
1785441145.405,91927,14.1,8.96,-105.0,49.0,-32.29,-37.5,257.1,293.2,4.0,158.0,14.11,-14.11,-90.89,2.103,3.896,3.896,0.0,-91.5,100.0,3.896,0.0,36.0,8.96,-2.1,-16.59,-18.8,105.0,8.15,0.0,14.11,34.41,1,1,255,335,0,1,0,0,1,1,1,0,0,0,3,1,0,219,0,0,0
1785441145.474,91987,10.1,5.44,-88.0,53.0,-23.09,-25.94,306.0,293.2,4.0,124.7,8.65,-8.65,-79.35,2.504,3.821,3.821,0.0,16.8,100.0,3.821,0.0,36.0,5.44,-1.76,-10.97,-13.21,88.0,4.95,0.0,8.65,26.13,1,1,271,331,0,1,0,0,1,1,1,0,0,0,2,1,0,219,0,0,0
1785441145.534,92047,6.2,1.74,-77.0,58.0,-19.43,-19.24,344.3,293.2,4.0,98.6,2.78,-2.78,-74.22,2.817,3.773,3.773,0.0,66.8,100.0,3.773,0.0,36.0,1.74,-1.54,-7.59,-10.11,77.0,1.58,0.0,2.78,11.44,1,1,284,328,0,1,0,0,1,1,1,0,0,0,1,1,0,219,0,0,0
1785441145.602,92107,2.4,0.6,-53.0,34.0,-10.46,-10.06,372.4,293.2,4.0,79.4,0.96,-0.96,-52.04,3.047,3.381,3.381,0.0,173.2,100.0,3.381,0.0,34.0,0.6,-1.06,-4.21,-4.79,53.0,0.55,0.0,0.96,5.05,1,1,294,309,0,1,0,0,1,1,1,0,0,0,3,1,0,219,0,0,0
1785441145.663,92168,1.8,0.78,-27.0,38.0,-3.32,-3.72,383.6,293.2,4.0,71.7,1.24,-1.24,-25.76,3.139,2.186,2.186,0.0,264.3,100.0,2.186,0.0,34.0,0.78,-0.54,-1.94,-1.24,27.0,0.7,0.0,1.24,6.82,1,1,298,258,0,1,0,0,1,1,1,0,0,0,3,1,0,219,0,0,0
1785441145.753,92228,3.5,3.5,7.0,43.0,39.72,32.93,344.3,293.2,-4.0,568.1,5.59,-5.59,12.59,2.817,-1.164,-1.164,0.0,355.5,100.0,-1.164,0.0,34.0,3.5,0.21,27.69,5.03,54.31,3.18,0.0,5.59,20.68,1,1,284,143,0,1,0,0,0,1,0,0,0,0,3,1,0,219,0,0,0
1785441145.753,92288,7.0,8.96,40.0,49.0,54.9,41.77,257.1,293.2,-4.0,508.6,14.11,-14.11,54.11,2.103,-3.435,-3.435,0.0,413.6,100.0,-3.435,0.0,34.0,8.96,0.85,33.11,7.81,67.68,8.14,0.0,14.11,34.4,1,1,255,74,0,1,0,0,1,1,1,0,0,0,3,1,0,219,0,0,0
1785441145.812,92348,11.7,15.42,69.0,54.0,65.17,45.23,139.0,293.2,-4.0,428.1,23.56,-23.56,92.56,1.137,-3.904,-3.904,0.0,429.8,100.0,-3.904,0.0,34.0,15.42,1.41,33.34,10.48,78.37,14.02,0.0,23.56,42.38,1,1,219,61,0,1,0,0,1,1,1,0,0,0,3,1,0,219,0,0,0
1785441145.875,92408,19.1,21.82,85.0,32.0,72.28,45.88,43.6,293.2,-4.0,363.0,31.9,-31.9,116.9,0.357,-3.97,-3.97,0.0,378.0,100.0,-3.97,0.0,34.0,21.82,1.71,31.4,12.77,86.52,19.83,0.0,31.9,48.76,1,1,192,59,0,1,0,0,1,1,1,0,0,0,2,1,0,219,0,0,0
1785441145.946,92471,24.5,27.92,90.0,38.0,74.29,42.16,-56.4,293.2,-4.0,294.9,38.75,-38.75,128.75,-0.461,-3.983,-3.983,0.0,283.5,100.0,-3.983,0.0,34.0,27.92,1.8,26.54,13.81,90.0,25.38,0.83,38.75,50.56,1,1,165,59,0,1,0,0,1,1,1,0,0,0,2,1,0,219,0,0,0
1785441146.006,92531,31.2,35.65,106.0,42.0,87.03,46.71,-137.1,293.2,-4.0,239.9,45.83,-45.83,151.83,-1.122,-3.994,-3.994,0.0,278.5,100.0,-3.994,0.0,34.0,35.65,2.12,25.43,19.16,106.0,32.41,3.88,45.83,50.57,1,1,144,58,0,1,0,0,1,1,1,0,0,0,1,1,0,219,0,0,0
1785441146.077,92592,37.2,42.07,106.0,46.0,88.11,41.86,-204.3,293.2,-4.0,194.1,46.7,-46.7,152.7,-1.671,-3.994,-3.994,0.0,187.4,100.0,-3.994,0.0,34.0,42.07,2.12,20.57,19.16,106.0,38.25,8.6,50.45,46.7,1,1,127,58,0,1,0,0,1,1,1,0,0,0,2,1,0,219,0,0,1
1785441146.137,92653,43.4,48.9,108.0,51.0,91.66,38.87,-260.5,293.2,-4.0,155.7,42.71,-42.71,150.71,-2.132,-3.994,-3.994,0.0,136.6,100.0,-3.994,0.0,34.0,48.9,2.16,16.82,19.89,108.0,44.46,14.54,54.26,42.71,1,1,113,58,0,1,0,0,1,1,1,0,0,0,1,1,0,219,0,0,1
1785441146.202,92714,48.2,53.38,96.0,54.0,85.71,29.39,-309.3,293.2,-4.0,122.4,35.73,-35.73,131.73,-2.531,-3.985,-3.985,0.0,34.6,100.0,-3.985,0.0,34.0,53.38,1.92,11.75,15.72,96.0,48.53,21.46,56.24,35.73,1,1,101,59,0,1,0,0,1,1,1,0,0,0,3,1,0,219,0,0,1
